id,event,time_raw,time_year,dynasty,period,location,province,modern_place,lat,lng,textbook,unit,description,prompt
7A-02-11,春秋争霸（齐桓公称霸）,公元前7世纪（前685-前643年）,-685,东周,春秋时期,齐都临淄（今山东淄博）,山东省,淄博市临淄区,36.82,118.3,七上,第二单元 夏商周,齐桓公任用管仲为相，改革内政，发展生产，训练军队。管仲提出「尊王攘夷」的口号，借周天子的名义号令诸侯，齐桓公成为春秋时期的第一个霸主。齐国都城临淄是当时最繁华的都城之一，商业繁荣，人口众多。,"Duke Huan of Qi in a grand hall receiving advisors, the strategist Guan Zhong presenting policy documents, Qi capital Linzi bustling with merchants and goods, a banner proclaiming respect the king and repel the barbarians, wealthy and powerful Qi state, Late Ming Huizhou woodblock print style, black and white baimiao line drawing on aged yellowed xuan paper, fine curved carving lines, no coloring, pure ink lines, traditional baimiao landscape technique, classical narrative figures, ancient rustic antique book texture, rich detail, high-fidelity line work"
7A-02-12,城濮之战,公元前632年,-632,东周,春秋时期,城濮（今山东鄄城）,山东省,菏泽市鄄城县,35.56,115.5,七上,第二单元 夏商周,公元前632年，晋楚两国在城濮（今山东鄄城）展开大战。晋文公兑现当年流亡楚国时许下的承诺，主动「退避三舍」（后撤九十里）。楚军轻敌冒进，被晋军诱敌深入后包抄夹击，最终大败。此战后晋文公成为中原霸主。,"Battle at Chengpu, Jin soldiers deliberately retreating three shi distances as promised, Chu cavalry charging forward in pursuit only to be ambushed from flanking hills, Jin Wen Gong on a chariot watching the trap unfold, dramatic tactical victory, Late Ming Huizhou woodblock print style, black and white baimiao line drawing on aged yellowed xuan paper, fine curved carving lines, no coloring, pure ink lines, traditional baimiao landscape technique, classical narrative figures, ancient rustic antique book texture, rich detail, high-fidelity line work"
7A-02-13,铁器牛耕出现,春秋后期,-500,东周,春秋后期,黄河、长江流域,中原地区,黄河中下游,34.8,113.7,七上,第二单元 夏商周,春秋后期，铁制农具和牛耕技术开始出现并逐步推广。铁犁铧比木石工具更锋利耐用，牛耕大大提高了耕作效率。这些技术革新促进了农业的深耕细作，荒地大量开垦，粮食产量显著提高，为战国时期的社会变革奠定了物质基础。,"Spring and Autumn period farmers in a field, one figure guiding an ox pulling an iron plow through soil, another sharpening an iron sickle, a village workshop where a blacksmith heats iron in a furnace, agricultural revolution transforming the countryside, Late Ming Huizhou woodblock print style, black and white baimiao line drawing on aged yellowed xuan paper, fine curved carving lines, no coloring, pure ink lines, traditional baimiao landscape technique, classical narrative figures, ancient rustic antique book texture, rich detail, high-fidelity line work"
7A-02-14,都江堰修建,公元前256年（战国）,-256,东周,战国时期,成都平原（今四川都江堰市）,四川省,成都市都江堰市,30.99,103.62,七上,第二单元 夏商周,战国时期，秦国蜀郡太守李冰父子在岷江流域主持修建了都江堰水利工程。工程由「鱼嘴」分水堤、「飞沙堰」溢洪道、「宝瓶口」引水口三部分组成，巧妙地实现了分流、排沙和控水。从此成都平原「水旱从人，不知饥馑」，被誉为「天府之国」，至今仍在发挥效益。,"The Dujiangyan waterworks on the Minjiang River, the fish-mouth levee splitting the river into two channels, workers maintaining the flying-sand spillway, the bottleneck inlet channel carved through mountain rock, irrigated Chengdu plains stretching below, Late Ming Huizhou woodblock print style, black and white baimiao line drawing on aged yellowed xuan paper, fine curved carving lines, no coloring, pure ink lines, traditional baimiao landscape technique, classical narrative figures, ancient rustic antique book texture, rich detail, high-fidelity line work"
7A-02-15,商鞅变法,公元前356年,-356,东周,战国时期,秦都栎阳→咸阳（今陕西）,陕西省,西安市/咸阳市一带,34.33,108.71,七上,第二单元 夏商周,公元前356年，秦孝公任用商鞅推行变法。变法内容主要包括：确立县制，由国君直接派官吏管理；废除旧贵族特权，奖励军功；奖励耕织，生产粮食布帛多的人免除徭役；统一度量衡等。变法使秦国经济发展、军队战斗力增强，成为战国后期最强大的诸侯国，为日后统一全国奠定了基础。,"Shang Yang presiding over a public ceremony in Qin capital, officials measuring land boundaries with standardized tools, a soldier receiving a reward plaque for military merit, old noble privileges being publicly abolished, reform edicts posted on city walls, Late Ming Huizhou woodblock print style, black and white baimiao line drawing on aged yellowed xuan paper, fine curved carving lines, no coloring, pure ink lines, traditional baimiao landscape technique, classical narrative figures, ancient rustic antique book texture, rich detail, high-fidelity line work"
7A-02-16,长平之战,公元前260年,-260,东周,战国时期,长平（今山西高平）,山西省,晋城市高平市,35.8,112.92,七上,第二单元 夏商周,公元前260年，秦赵两国在长平（今山西高平）展开决战国。秦将白起采用反间计使赵国换掉老将廉颇，改派只会纸上谈兵的赵括为将。白起佯败诱敌，切断赵军后路和粮道，围困赵军四十六天。最终赵括被射死，四十余万赵军被俘坑杀。此战后赵国元气大伤，东方六国再也无力抵挡秦国的统一攻势。,"The devastating battle at Changping, Qin general Bai Qi on a hill watching encircled Zhao troops, starving Zhao soldiers trapped in a deep valley with no escape, General Zhao Kuo struck by arrows, aftermath of mass casualties on the bloody battlefield, Late Ming Huizhou woodblock print style, black and white baimiao line drawing on aged yellowed xuan paper, fine curved carving lines, no coloring, pure ink lines, traditional baimiao landscape technique, classical narrative figures, ancient rustic antique book texture, rich detail, high-fidelity line work"
7A-02-17,百家争鸣,春秋战国时期,-500,东周,春秋战国,各诸侯国,中原及各地,广泛分布于各诸侯国,34.8,113.7,七上,第二单元 夏商周,春秋战国时期，社会急剧变化，各学派纷纷著书立说、聚徒讲学，形成了思想文化领域空前繁荣的「百家争鸣」局面。老子是道家学派的创始人，主张「无为而治」；孔子是儒家学派的创始人，提出「仁」和「礼」，主张以德治国；还有墨家的「兼爱非攻」、法家的「以法治国」等。这场思想大解放对中国文化产生了深远影响。,"Philosophers debating in a scholarly courtyard, a Confucian scholar teaching disciples about virtue and ritual, a Daoist sage meditating under a tree, a Legalist minister presenting law codes to a king, a Mohist craftsman demonstrating defensive fortifications, intellectual flourishing of the hundred schools, Late Ming Huizhou woodblock print style, black and white baimiao line drawing on aged yellowed xuan paper, fine curved carving lines, no coloring, pure ink lines, traditional baimiao landscape technique, classical narrative figures, ancient rustic antique book texture, rich detail, high-fidelity line work"
7A-02-18,秦灭六国/统一全国,公元前230-前221年,-221,秦朝,秦灭六国,韩赵魏楚燕齐 → 咸阳,全国,统一建都咸阳（今陕西咸阳）,34.33,108.71,七上,第三单元 秦汉时期,从公元前230年到前221年，秦王嬴政采取「远交近攻」的策略，先后灭亡了韩、赵、魏、楚、燕、齐六国，完成了统一大业，结束了春秋战国以来长期分裂割据的局面，建立了中国历史上第一个统一的多民族的中央集权制封建国家。,"Qin King Zheng on a grand throne receiving surrender from six defeated state envoys, a unified map of China displayed behind him, the imperial seal of the first emperor, conquered capitals marked on the map, end of centuries of division, Late Ming Huizhou woodblock print style, black and white baimiao line drawing on aged yellowed xuan paper, fine curved carving lines, no coloring, pure ink lines, traditional baimiao landscape technique, classical narrative figures, ancient rustic antique book texture, rich detail, high-fidelity line work"
7A-03-01,秦朝建立/皇帝制度,公元前221年,-221,秦朝,秦朝,咸阳（今陕西咸阳）,陕西省,咸阳市,34.33,108.71,七上,第三单元 秦汉时期,公元前221年，秦王嬴政统一六国后，自称「始皇帝」，希望秦朝的统治能够二世、三世以至万世传下去。他在中央设三公九卿，在地方推行郡县制，将全国分为三十六郡。又统一文字为小篆和隶书，统一货币为圆形方孔半两钱，统一度量衡和车轨宽度。这些措施加强了中央集权，有利于经济文化交流和统一多民族国家的巩固。,"The First Emperor of Qin standing on a high palace terrace at Xianyang overlooking his unified empire, officials presenting standardized coinage weights and measures, palace architects displaying building plans, imperial decree being issued for a single writing system, Late Ming Huizhou woodblock print style, black and white baimiao line drawing on aged yellowed xuan paper, fine curved carving lines, no coloring, pure ink lines, traditional baimiao landscape technique, classical narrative figures, ancient rustic antique book texture, rich detail, high-fidelity line work"
7A-03-02,修建万里长城,公元前215年,-215,秦朝,秦朝,西起临洮—东到辽东,甘肃→辽宁,甘肃临洮→辽宁辽阳/丹东一带,37.8,108,七上,第三单元 秦汉时期,为抵御北方匈奴的侵扰，秦始皇派大将蒙恬率三十万大军北击匈奴，并征发民夫将原秦、赵、燕三国北方的长城连接起来并加以扩建。修筑成的万里长城西起临洮、东到辽东，蜿蜒万余里，是古代世界最伟大的工程之一，也是中华民族智慧和力量的象征。,"Massive construction scene of the Great Wall, laborers hauling stone blocks up steep mountain ridges, General Meng Tian directing workers along the northern frontier, wall sections connecting older walls from Yan Zhao and Qin states, wall stretching from Lintao to Liaodong across rugged terrain, Late Ming Huizhou woodblock print style, black and white baimiao line drawing on aged yellowed xuan paper, fine curved carving lines, no coloring, pure ink lines, traditional baimiao landscape technique, classical narrative figures, ancient rustic antique book texture, rich detail, high-fidelity line work"
7A-03-03,焚书坑儒,公元前213年/前212年,-213,秦朝,秦朝,咸阳（今陕西咸阳）,陕西省,咸阳市及骊山一带,34.33,108.71,七上,第三单元 秦汉时期,公元前213年，秦始皇采纳丞相李斯的建议，下令焚烧除秦国史书、医药、卜筮、种树以外的民间藏书。次年，因方士卢生等私下议论秦始皇并逃走，秦始皇大怒，追查咸阳的方士和儒生，将四百六十多人坑杀于咸阳。这就是历史上著名的「焚书坑儒」，虽加强了思想控制，但也严重摧残了文化。,"Palace scholars being dragged away by imperial guards, stacks of bamboo scrolls being thrown into a roaring bonfire in the Xianyang palace courtyard, the First Emperor watching from above, horrified intellectuals witnessing the destruction of knowledge, Late Ming Huizhou woodblock print style, black and white baimiao line drawing on aged yellowed xuan paper, fine curved carving lines, no coloring, pure ink lines, traditional baimiao landscape technique, classical narrative figures, ancient rustic antique book texture, rich detail, high-fidelity line work"
7A-03-04,陈胜吴广起义,公元前209年,-209,秦朝,秦末农民起义,大泽乡（今安徽宿州）,安徽省,宿州市埇桥区大泽乡镇,33.65,117.07,七上,第三单元 秦汉时期,公元前209年，九百多名被征发去渔阳戍守的贫苦农民，在大泽乡遇大雨误期。按秦法误期当斩，队长陈胜和吴广杀死押送军官，发动了中国历史上第一次大规模农民起义。起义军迅速壮大，建立了「张楚」政权。虽然起义最终失败，但它沉重打击了秦朝的残暴统治，为后来的反秦斗争揭开了序幕。,"Peasant rebels gathered at Daze village under heavy rain, Chen Sheng raising a broken spear rallying desperate conscripts, soldiers forging makeshift weapons from farm tools, torches burning in torrential rain, the first mass uprising against tyranny, Late Ming Huizhou woodblock print style, black and white baimiao line drawing on aged yellowed xuan paper, fine curved carving lines, no coloring, pure ink lines, traditional baimiao landscape technique, classical narrative figures, ancient rustic antique book texture, rich detail, high-fidelity line work"
7A-03-05,巨鹿之战,公元前207年,-207,秦朝,秦末战争,巨鹿（今河北平乡）,河北省,邢台市平乡县,37.06,115.03,七上,第三单元 秦汉时期,公元前207年，秦将章邯率大军围攻赵国的巨鹿城。各路反秦诸侯军纷纷前来救援却不敢出战，只有项羽毅然率楚军渡过漳水，「破釜沉舟」——砸破饭锅、凿沉渡船，只带三天干粮，表示决一死战的决心。楚军奋勇冲杀、以一当十，大败秦军主力。此战后秦朝名存实亡。,"Battle of Julu, Xiang Yu standing on a cliff watching his Chu army charge across the Zhang River, broken cooking pots and sunk boats visible on the riverbank symbolizing no retreat, Qin army in disarray as Chu warriors fight with desperate ferocity, Late Ming Huizhou woodblock print style, black and white baimiao line drawing on aged yellowed xuan paper, fine curved carving lines, no coloring, pure ink lines, traditional baimiao landscape technique, classical narrative figures, ancient rustic antique book texture, rich detail, high-fidelity line work"
7A-03-06,楚汉之争 / 垓下之战,公元前206-前202年,-202,秦汉之际,楚汉之争,垓下（今安徽灵璧）,安徽省,宿州市灵璧县,33.55,117.56,七上,第三单元 秦汉时期,秦朝灭亡后，刘邦和项羽为争夺天下展开了长达四年（前206—前202）的「楚汉之争」。项羽虽勇猛善战，但刚愎自用、猜忌部下，且到处烧杀抢掠失去民心。刘邦则知人善任、收揽民心，逐渐由弱变强。公元前202年，刘邦率大军将项羽围困在垓下（今安徽灵璧），四面楚歌声中，项羽突围至乌江边自刎。刘邦最终胜利，建立了西汉。,"Final siege at Gaixia, Han soldiers surrounding a trapped Chu camp, Xiang Yu on horseback surrounded by his remaining loyal guards, Chu songs being sung from surrounding hills creating despair, the lone hero riding toward the Wujiang riverbank for his final stand, Late Ming Huizhou woodblock print style, black and white baimiao line drawing on aged yellowed xuan paper, fine curved carving lines, no coloring, pure ink lines, traditional baimiao landscape technique, classical narrative figures, ancient rustic antique book texture, rich detail, high-fidelity line work"
7A-03-07,西汉建立,公元前202年,-202,西汉,汉初,长安（今陕西西安）,陕西省,西安市,34.25,108.9,七上,第三单元 秦汉时期,楚汉之争胜利后，刘邦于公元前202年称帝，是为汉高祖，定都长安，史称西汉。西汉初年，由于长期战乱导致社会经济凋敝，汉高祖及其后继者采取休养生息政策，减轻赋税和刑罚，恢复发展农业生产，为后来「文景之治」的出现奠定了基础。,"Liu Bang enthroned as Emperor of Western Han in the Chang'an palace, generals kneeling in allegiance, the grand capital city emerging from war-torn ruins, imperial decree issued for rest-and-recover policies, beginning of a new dynasty, Late Ming Huizhou woodblock print style, black and white baimiao line drawing on aged yellowed xuan paper, fine curved carving lines, no coloring, pure ink lines, traditional baimiao landscape technique, classical narrative figures, ancient rustic antique book texture, rich detail, high-fidelity line work"
7A-03-08,文景之治,公元前180-前141年,-160,西汉,文景时期,长安（今陕西西安）,陕西省,西安市,34.25,108.9,七上,第三单元 秦汉时期,汉文帝和汉景帝在位期间（前180—前141），继续推行休养生息政策，注重以德化民。他们提倡节俭，减轻赋税，将田租由十五税一减为三十税一，甚至有十余年免除田租。同时减轻刑罚，废除了一些残损肢体的肉刑。这一时期社会安定、经济发展、百姓富裕，历史上称为「文景之治」，是中国封建社会的第一个治世。,"Emperor Wen and Emperor Jing in modest palace chambers reviewing agricultural reports, officials reducing tax records from fifteen-to-one to thirty-to-one, peaceful countryside with abundant granaries and prosperous villages, serene governance of the first imperial golden age, Late Ming Huizhou woodblock print style, black and white baimiao line drawing on aged yellowed xuan paper, fine curved carving lines, no coloring, pure ink lines, traditional baimiao landscape technique, classical narrative figures, ancient rustic antique book texture, rich detail, high-fidelity line work"
7A-03-09,张骞出使西域,公元前138年和前119年,-138,西汉,汉武帝时期,从长安出发→西域各国,陕西→新疆→中亚,西安→河西走廊→西域,39,90,七上,第三单元 秦汉时期,汉武帝为联合大月氏夹击匈奴，于公元前138年派遣张骞率领一百多人从长安出发出使西域。张骞途中被匈奴扣留十年，但他始终不忘使命，最终逃脱到达大月氏。前119年张骞再次出使西域，访问了西域许多国家。张骞两次出使开辟了通往中亚的道路，促进了汉朝与西域各国的相互了解与往来，为后来丝绸之路的开辟奠定了基础。,"Zhang Qian on camelback traversing the vast Gobi desert, his small caravan following the Hexi Corridor westward, distant snow-capped mountains of Central Asia ahead, desolate sand dunes and oasis waypoints, the pioneering journey opening the western routes, Late Ming Huizhou woodblock print style, black and white baimiao line drawing on aged yellowed xuan paper, fine curved carving lines, no coloring, pure ink lines, traditional baimiao landscape technique, classical narrative figures, ancient rustic antique book texture, rich detail, high-fidelity line work"
7A-03-10,丝绸之路开通,张骞通西域后,-119,西汉,汉武帝时期,长安→河西走廊→西域→中亚→西亚→欧洲,跨省/跨国,西安→甘肃→新疆→中亚→西亚,38,80,七上,第三单元 秦汉时期,张骞通西域后，汉朝与西域的使者、商人往来日趋频繁。从长安出发，经过河西走廊、今新疆地区，通往中亚、西亚直至欧洲的商路开通，这就是著名的「丝绸之路」。中国的丝绸、漆器、凿井技术等沿着这条商路源源西传；西域的良种马、葡萄、石榴、核桃、苜蓿等也传入中国。丝绸之路成为东西方经济文化交流的重要通道。,"Camel caravans traversing the Silk Road from Chang'an through the Hexi Corridor, merchants carrying bundles of silk and lacquer ware westward, Central Asian traders with horses and jade heading east, oasis towns and desert trading posts along the route, Late Ming Huizhou woodblock print style, black and white baimiao line drawing on aged yellowed xuan paper, fine curved carving lines, no coloring, pure ink lines, traditional baimiao landscape technique, classical narrative figures, ancient rustic antique book texture, rich detail, high-fidelity line work"
7A-03-11,罢黜百家，独尊儒术,公元前134年,-134,西汉,汉武帝时期,长安（今陕西西安）,陕西省,西安市,34.25,108.9,七上,第三单元 秦汉时期,汉武帝为加强中央集权和思想统一，采纳儒生董仲舒「罢黜百家，独尊儒术」的建议，将儒家学说确立为正统思想。他在长安兴办太学，以儒家五经（《诗》《书》《礼》《易》《春秋》）为教材，培养儒学人才，学成后授予官职。从此，儒学成为此后两千多年中国封建社会的正统思想，对中国历史产生了深远影响。,"Emperor Wu of Han in the Chang'an palace hall, scholar Dong Zhongshu presenting a Confucian doctrine, imperial academy students studying bamboo scrolls of the Five Classics, Confucian texts replacing diverse philosophical schools, ideological unification of the empire, Late Ming Huizhou woodblock print style, black and white baimiao line drawing on aged yellowed xuan paper, fine curved carving lines, no coloring, pure ink lines, traditional baimiao landscape technique, classical narrative figures, ancient rustic antique book texture, rich detail, high-fidelity line work"
7A-03-12,王莽篡汉 / 新朝建立,公元9年,9,新朝,新朝,长安（今陕西西安）,陕西省,西安市,34.25,108.9,七上,第三单元 秦汉时期,西汉后期，朝政腐败，外戚王莽趁机掌握了朝中大权。公元9年，王莽废黜西汉末帝，自称皇帝，改国号为「新」，定都长安。他模仿古代制度进行大规模改制（史称「托古改制」），但因改革严重脱离实际且朝令夕改，导致社会更加混乱，激化了各种矛盾。新朝仅存在了15年便被农民起义推翻。,"Wang Mang in imperial regalia declaring himself emperor in the Chang'an palace, officials struggling to implement chaotic reform decrees, confused citizens lining up at grain distribution centers, the fractured administration of the short-lived Xin dynasty, Late Ming Huizhou woodblock print style, black and white baimiao line drawing on aged yellowed xuan paper, fine curved carving lines, no coloring, pure ink lines, traditional baimiao landscape technique, classical narrative figures, ancient rustic antique book texture, rich detail, high-fidelity line work"
7A-03-13,东汉建立/光武中兴,公元25年,25,东汉,东汉初期,洛阳（今河南洛阳）,河南省,洛阳市,34.62,112.45,七上,第三单元 秦汉时期,王莽新朝被推翻后，西汉宗室刘秀于公元25年称帝，定都洛阳，史称东汉。刘秀就是光武帝。他多次下令减轻农民负担，释放奴婢，减轻刑罚，惩处贪官污吏，并合并郡县、裁减官员。在他统治期间，社会安定，经济恢复发展，史称「光武中兴」。,"Emperor Guangwu Liu Xiu in the Luoyang palace issuing decrees for land redistribution, freed slaves receiving documents of emancipation, officials auditing corrupt local governments, the capital city of Luoyang being rebuilt, dawn of Eastern Han restoration, Late Ming Huizhou woodblock print style, black and white baimiao line drawing on aged yellowed xuan paper, fine curved carving lines, no coloring, pure ink lines, traditional baimiao landscape technique, classical narrative figures, ancient rustic antique book texture, rich detail, high-fidelity line work"
7A-03-14,班超经营西域,公元73年,73,东汉,东汉,西域（今新疆等地）,新疆维吾尔自治区,新疆塔里木盆地周边,41,84,七上,第三单元 秦汉时期,东汉初年，匈奴重新控制了西域。公元73年，汉明帝派班超出使西域。班超在西域活动三十余年，凭借智慧和勇气，争取西域各国归附汉朝。他派部下甘英出使大秦（罗马帝国），虽未到达但了解了沿途情况。班超的经营恢复了西域与中原的联系，重新打通了通往中亚的交通线。,"Ban Chao on horseback leading a diplomatic mission through Tarim Basin oasis kingdoms, meeting local rulers in desert citadels, Han banners displayed in western territories, caravans and military garrisons along the Silk Road routes, the restoration of western connections, Late Ming Huizhou woodblock print style, black and white baimiao line drawing on aged yellowed xuan paper, fine curved carving lines, no coloring, pure ink lines, traditional baimiao landscape technique, classical narrative figures, ancient rustic antique book texture, rich detail, high-fidelity line work"
7A-03-15,蔡伦改进造纸术,公元105年,105,东汉,东汉中期,洛阳（今河南洛阳）,河南省,洛阳市,34.62,112.45,七上,第三单元 秦汉时期,东汉时，宦官蔡伦总结西汉以来的造纸经验，于公元105年改进了造纸术。他采用树皮、麻头、破布、旧渔网等廉价易得的原料，经过浸泡、打浆、抄纸、晾干等工序，制造出了质量轻便、价格便宜的植物纤维纸。造纸术的发明和改进极大地便利了人们的书写，促进了文化的传播，后来传遍世界，是中国对世界文明的伟大贡献。,"Cai Lun in a paper-making workshop, workers soaking tree bark and old hemp fabric in water tanks, spreading pulp onto bamboo screens for drying, finished lightweight paper sheets being cut and stacked, revolutionary invention transforming knowledge transmission, Late Ming Huizhou woodblock print style, black and white baimiao line drawing on aged yellowed xuan paper, fine curved carving lines, no coloring, pure ink lines, traditional baimiao landscape technique, classical narrative figures, ancient rustic antique book texture, rich detail, high-fidelity line work"
7A-03-16,张仲景著《伤寒杂病论》,东汉末年,200,东汉,东汉末年,南阳（今河南南阳）,河南省,南阳市,33,112.53,七上,第三单元 秦汉时期,东汉末年，张仲景广泛收集民间验方，结合自己的临床实践，写成了《伤寒杂病论》一书。他在书中阐述了中医治疗学的「辨证论治」原则，即根据病人的具体症状来确定治疗方法，奠定了中医临床医学的理论基础。张仲景因此被后世尊称为「医圣」。,"Zhang Zhongjing in a modest clinic examining a patient's pulse, recording symptoms on bamboo slips, compounding herbal medicines from dried plants in jars, the scholarly physician composing the Shanghan Zabing Lun treatise, clinical methodology being established, Late Ming Huizhou woodblock print style, black and white baimiao line drawing on aged yellowed xuan paper, fine curved carving lines, no coloring, pure ink lines, traditional baimiao landscape technique, classical narrative figures, ancient rustic antique book texture, rich detail, high-fidelity line work"
7A-03-17,华佗发明麻沸散,东汉末年,200,东汉,东汉末年,谯（今安徽亳州）,安徽省,亳州市,33.88,115.78,七上,第三单元 秦汉时期,华佗是东汉末年著名医学家，擅长外科手术。他发明了全身麻醉药剂「麻沸散」，让病人在手术前服药后失去知觉，再进行手术，极大地减轻了病人的痛苦。这在世界医学史上是空前的创举。他还模仿虎、鹿、熊、猿、鸟五种动物的动作姿态，编制了一套健身操——「五禽戏」，用以锻炼身体、预防疾病。,"Hua Tuo performing surgery on a reclining patient who has been anesthetized with mafeisan powder, assistants preparing surgical instruments and herbal decoctions, the physician's five-animal exercise charts displayed on a wall, groundbreaking medical innovation, Late Ming Huizhou woodblock print style, black and white baimiao line drawing on aged yellowed xuan paper, fine curved carving lines, no coloring, pure ink lines, traditional baimiao landscape technique, classical narrative figures, ancient rustic antique book texture, rich detail, high-fidelity line work"
7A-03-18,司马迁著《史记》,西汉武帝时期,-100,西汉,汉武帝时期,长安（今陕西西安）,陕西省,西安市（及全国游历）,34.25,108.9,七上,第三单元 秦汉时期,司马迁是中国古代伟大的史学家。他年轻时游历各地，考察历史遗迹，搜集了大量第一手资料。后来因替投降匈奴的李陵辩护而遭受宫刑，但他忍辱负重、发愤著书，终于完成了一部不朽的史学巨著——《史记》。《史记》记载了从传说中的黄帝到汉武帝约三千年的历史，是中国第一部纪传体通史，对后世史学和文学都产生了深远影响。,"Sima Qian writing intensely by candlelight in a modest Chang'an study, bamboo scrolls piled around his desk, the historian's bruised body reflecting his suffering yet determined spirit, the monumental Shiji manuscript being composed across thousands of bamboo strips, Late Ming Huizhou woodblock print style, black and white baimiao line drawing on aged yellowed xuan paper, fine curved carving lines, no coloring, pure ink lines, traditional baimiao landscape technique, classical narrative figures, ancient rustic antique book texture, rich detail, high-fidelity line work"
7A-03-19,黄巾起义,公元184年,184,东汉,东汉末年,全国多地（钜鹿等地起事）,河北等地,起于河北平乡一带,37.06,115.03,七上,第三单元 秦汉时期,东汉末年，朝政日益腐败，加上连年灾荒，百姓生活困苦不堪。钜鹿人张角创立了太平道，以「苍天已死，黄天当立，岁在甲子，天下大吉」为号召发动起义。起义军头裹黄巾，史称「黄巾起义」。起义虽然被镇压下去，但东汉政权从此一蹶不振，各州牧纷纷拥兵自重，形成了军阀割据的局面。,"Yellow-turbanned peasants marching through countryside roads toward a walled city, Zhang Jiao on a hilltop rallying thousands with raised arms, rebels wearing yellow cloth headbands and carrying farm-tool weapons, chaos engulfing the weakening Eastern Han empire, Late Ming Huizhou woodblock print style, black and white baimiao line drawing on aged yellowed xuan paper, fine curved carving lines, no coloring, pure ink lines, traditional baimiao landscape technique, classical narrative figures, ancient rustic antique book texture, rich detail, high-fidelity line work"
7A-04-01,官渡之战,200年,200,东汉末年,汉末军阀混战,官渡（今河南中牟东北）,河南省,郑州市中牟县,34.72,113.98,七上,第四单元 三国两晋南北朝,200年，占据黄河以北的袁绍率十万大军南下，曹操以劣势兵力在官渡（今河南中牟）迎战。曹操采纳谋士许攸的计策，夜袭袁军屯粮重地乌巢，烧毁全部军粮。袁军闻讯军心动摇，曹操趁势出击，大获全胜。官渡之战是中国历史上著名的以少胜多的战例，奠定了曹操统一北方的基础。,"Battle at Guandu, Cao Cao on a command hill watching his smaller force face Yuan Shao's massive army, a night raid on Wuchao granary with flames consuming enemy supplies, desperate Yuan troops collapsing in chaos, pivotal victory through strategy over numbers, Late Ming Huizhou woodblock print style, black and white baimiao line drawing on aged yellowed xuan paper, fine curved carving lines, no coloring, pure ink lines, traditional baimiao landscape technique, classical narrative figures, ancient rustic antique book texture, rich detail, high-fidelity line work"
7A-04-02,赤壁之战,208年,208,东汉末年,三国时期前,赤壁（今湖北赤壁市）,湖北省,咸宁市赤壁市（或嘉鱼县）,29.72,113.9,七上,第四单元 三国两晋南北朝,208年，统一了北方的曹操率二十余万大军南下，企图一举消灭南方的孙权和刘备。孙刘联军约五万人，在赤壁（今湖北赤壁）采用火攻战术，趁着东南风火烧曹军战船和岸上营寨。曹操大败，率残部逃回北方。赤壁之战奠定了三国鼎立的基础——曹操据北方，孙权据江东，刘备据荆州进而取益州。,"Battle at Chibi on the Yangtze River, Sun-Liu coalition fireboats blazing across the water toward Cao's chained fleet, massive warships engulfed in flames, soldiers leaping into the river, southeast wind driving fire into the enemy fleet, decisive naval confrontation, Late Ming Huizhou woodblock print style, black and white baimiao line drawing on aged yellowed xuan paper, fine curved carving lines, no coloring, pure ink lines, traditional baimiao landscape technique, classical narrative figures, ancient rustic antique book texture, rich detail, high-fidelity line work"
7A-04-03,三国鼎立,220-280年,220,三国时期,三国时期,魏-洛阳，蜀-成都，吴-建业,河南/四川/江苏,洛阳/成都/南京,32,112,七上,第四单元 三国两晋南北朝,赤壁之战后，天下三分之势逐渐形成。220年，曹操的儿子曹丕在洛阳称帝，国号魏。221年，刘备在成都称帝，国号汉（史称蜀汉）。229年，孙权在建业（今江苏南京）称帝，国号吴。至此三国鼎立局面正式形成。三国时期，各国都注重发展经济：魏国兴修水利、屯田积谷；蜀国发展蜀锦、开发南中；吴国造船业发达，派船队到达台湾（当时称夷洲）。,"Three kingdoms map with three emperors: Cao Pi enthroned in Luoyang, Liu Bei in Chengdu palace, Sun Quan in Jianye command hall, each ruler receiving officials, their respective territories distinctly divided across China, the tripartite balance of power, Late Ming Huizhou woodblock print style, black and white baimiao line drawing on aged yellowed xuan paper, fine curved carving lines, no coloring, pure ink lines, traditional baimiao landscape technique, classical narrative figures, ancient rustic antique book texture, rich detail, high-fidelity line work"
7A-04-04,西晋统一,280年,280,西晋,西晋,洛阳（今河南洛阳）,河南省,洛阳市,34.62,112.45,七上,第四单元 三国两晋南北朝,三国后期，魏国实力最强。263年魏灭蜀。265年，司马炎夺取魏国政权，建立西晋，定都洛阳。280年，西晋出兵攻灭吴国，中国再次实现统一。然而西晋统一仅维持了很短的时间，由于统治集团的腐朽和内部争权夺利，很快就陷入危机。,"Western Jin cavalry entering the fallen Wu capital Jianye through breached gates, Emperor Sima Yan receiving surrender documents, unified China map displayed in the Luoyang palace, short-lived triumph of reunification after decades of division, Late Ming Huizhou woodblock print style, black and white baimiao line drawing on aged yellowed xuan paper, fine curved carving lines, no coloring, pure ink lines, traditional baimiao landscape technique, classical narrative figures, ancient rustic antique book texture, rich detail, high-fidelity line work"
7A-04-05,八王之乱,291-306年,300,西晋,西晋内乱,洛阳及中原,河南等地,洛阳及周边,34.62,112.45,七上,第四单元 三国两晋南北朝,西晋初年，晋武帝司马炎大封同姓王。他死后，继位的晋惠帝昏庸无能，诸王为争夺中央政权相互攻杀，混战持续了十六年（291-306年），史称「八王之乱」。这场内乱严重削弱了西晋的统治力量，导致中原地区战乱不休、经济凋敝，大量北方人口被迫南迁，西晋政权也从此走向衰亡。,"Civil war in Luoyang, eight princes commanding armies against each other in city streets, burning palaces and trampled civilians, battle chariots crashing through residential quarters, devastating sixteen-year internal conflict destroying Western Jin power, Late Ming Huizhou woodblock print style, black and white baimiao line drawing on aged yellowed xuan paper, fine curved carving lines, no coloring, pure ink lines, traditional baimiao landscape technique, classical narrative figures, ancient rustic antique book texture, rich detail, high-fidelity line work"
7A-04-06,东晋建立/永嘉南渡,317年,317,东晋,东晋初期,建康（今江苏南京）,江苏省,南京市,32.06,118.79,七上,第四单元 三国两晋南北朝,八王之乱期间，匈奴等游牧民族趁机内迁中原。316年匈奴人攻破长安，西晋灭亡。317年，西晋宗室司马睿在南方重建晋朝，定都建康（今江苏南京），史称东晋。与此同时，北方大量人口为躲避战乱纷纷南迁，形成中国历史上第一次大规模的人口南迁浪潮——「永嘉南渡」（又称「衣冠南渡」），促进了江南地区的开发。,"Mass migration southward, thousands of northern families crossing the Yangtze River on boats and makeshift rafts, scholars and artisans carrying books and tools, the Eastern Jin capital Jiankang rising on the southern bank, refugees rebuilding lives in Jiangnan, Late Ming Huizhou woodblock print style, black and white baimiao line drawing on aged yellowed xuan paper, fine curved carving lines, no coloring, pure ink lines, traditional baimiao landscape technique, classical narrative figures, ancient rustic antique book texture, rich detail, high-fidelity line work"
7A-04-07,淝水之战,383年,383,东晋,东晋,淝水（今安徽寿县）,安徽省,淮南市寿县,32.57,116.78,七上,第四单元 三国两晋南北朝,383年，前秦皇帝苻坚率八十余万大军南下，企图一举消灭东晋。东晋宰相谢安派谢石、谢玄率八万精兵迎战，在淝水（今安徽寿县）隔水对峙。谢玄要求秦军稍微后撤以便渡河决战，苻坚想趁晋军渡河时半渡而击，便下令后撤。不料秦军一退便不可收拾，阵脚大乱，晋军趁势猛攻。苻坚大败，北逃途中见草木皆以为追兵、闻风声鹤唳也心惊胆战。,"Battle at Feishui riverbank, Former Qin emperor Fu Jian on horseback commanding his massive army to retreat, the order causing panic and uncontrollable rout, Jin soldiers charging across the shallow river, Qin troops fleeing in terror seeing every tree as enemy soldier, Late Ming Huizhou woodblock print style, black and white baimiao line drawing on aged yellowed xuan paper, fine curved carving lines, no coloring, pure ink lines, traditional baimiao landscape technique, classical narrative figures, ancient rustic antique book texture, rich detail, high-fidelity line work"
7A-04-08,北魏孝文帝改革/迁都洛阳,494年,494,北魏,南北朝,平城→洛阳（今山西大同→河南洛阳）,山西→河南,大同市→洛阳市,34.62,112.45,七上,第四单元 三国两晋南北朝,北魏是鲜卑族建立的政权，统一了黄河流域。494年，北魏孝文帝为便于学习和接受汉族先进文化，加强对中原地区的统治，力排众议将都城从平城（今山西大同）迁到洛阳。迁都后他推行了一系列汉化改革措施：要求鲜卑人改穿汉服、学说汉语、改用汉姓（如皇族拓跋氏改姓元）并鼓励与汉族通婚。这些措施大大促进了民族大融合。,"Northern Wei Emperor Xiaowen leading his court on the long journey from Pingcheng to Luoyang, Xianbei nobles reluctantly marching south, the emperor presiding over reform ceremonies requiring Han-style dress and language, forced cultural transformation of a nomadic dynasty, Late Ming Huizhou woodblock print style, black and white baimiao line drawing on aged yellowed xuan paper, fine curved carving lines, no coloring, pure ink lines, traditional baimiao landscape technique, classical narrative figures, ancient rustic antique book texture, rich detail, high-fidelity line work"
7A-04-09,云冈石窟开凿,5世纪（北魏）,460,北魏,南北朝,山西大同云冈,山西省,大同市武周山,40.11,113.13,七上,第四单元 三国两晋南北朝,云冈石窟位于山西大同西郊的武周山南麓，开凿于北魏时期（5世纪）。石窟依山开凿，东西绵延约一公里，现存主要洞窟45个，大小窟龛252个，石雕造像约51000余尊，气势宏伟、内容丰富多彩。云冈石窟与洛阳龙门石窟、敦煌莫高窟并称「中国三大石窟」，是世界闻名的艺术宝库。,"Yungang Grottoes hillside at Datong, colossal Buddhist cave statues carved into sandstone cliffs, pilgrims entering carved temple chambers, monks meditating before giant Buddha figures, intricate relief carvings depicting Buddhist narratives across cave walls, Late Ming Huizhou woodblock print style, black and white baimiao line drawing on aged yellowed xuan paper, fine curved carving lines, no coloring, pure ink lines, traditional baimiao landscape technique, classical narrative figures, ancient rustic antique book texture, rich detail, high-fidelity line work"
7A-04-10,龙门石窟开凿,北魏迁都洛阳后（5-6世纪）,500,北魏→唐,南北朝至唐代,河南洛阳龙门,河南省,洛阳市洛龙区,34.62,112.47,七上,第四单元 三国两晋南北朝,龙门石窟位于河南洛阳南郊的伊河两岸，始凿于北魏孝文帝迁都洛阳前后，后历经东魏、西魏、北齐、隋、唐等朝代长达四百余年的营造，形成了两千多个窟龛、十万余尊造像的宏大规模。其中最大的佛像高达17.14米，最小的仅有2厘米。龙门石窟体现了中国古代雕塑艺术的极高成就。,"Longmen Grottoes at Luoyang along the Yi River banks, thousands of carved niches and sculptured Buddhas lining both cliffs, the massive 17-meter Fengxian Temple Buddha statue, craftsmen on scaffolding carving stone figures, centuries of devotional art creation, Late Ming Huizhou woodblock print style, black and white baimiao line drawing on aged yellowed xuan paper, fine curved carving lines, no coloring, pure ink lines, traditional baimiao landscape technique, classical narrative figures, ancient rustic antique book texture, rich detail, high-fidelity line work"
7A-04-11,祖冲之计算圆周率,南朝宋齐时期（5世纪）,460,南朝,南北朝,建康（今江苏南京）,江苏省,南京市,32.06,118.79,七上,第四单元 三国两晋南北朝,祖冲之是南朝宋齐之际的杰出科学家。他运用三国刘徽发明的「割圆术」，通过不懈的计算，在世界上第一次将圆周率（π）精确到小数点后第七位，即在3.1415926和3.1415927之间。这一成果比欧洲人早了近一千年。他还创制了当时最先进的历法《大明历》，并制造了指南车、千里船等精巧机械。,"Zu Chongzhi in a Southern Dynasties scholarly studio, calculating with counting rods on a grid board, astronomical instruments and star maps on the desk, the brilliant mathematician deriving precise values for pi, the Da Ming calendar manuscript beside him, Late Ming Huizhou woodblock print style, black and white baimiao line drawing on aged yellowed xuan paper, fine curved carving lines, no coloring, pure ink lines, traditional baimiao landscape technique, classical narrative figures, ancient rustic antique book texture, rich detail, high-fidelity line work"
7A-04-12,贾思勰著《齐民要术》,北朝时期（6世纪）,540,北朝,南北朝,山东地区,山东省,今山东淄博一带,36.82,118.05,七上,第四单元 三国两晋南北朝,贾思勰是北朝时期的著名农学家。他查阅大量古代文献、走访老农，总结北方劳动人民长期积累的农业生产经验，写成了一部综合性农学著作——《齐民要术》。全书介绍了农、林、牧、副、渔等方面的生产技术，强调农业生产要遵循自然规律、因地制宜，是我国现存最早最完整的农学著作。,"Jia Sixie in a rural Northern Dynasties farmhouse courtyard, interviewing experienced farmers about crop techniques, examining grain samples and farming tools, writing the Qimin Yaoshu manuscript with detailed agricultural illustrations, compiling China's earliest complete agronomic treatise, Late Ming Huizhou woodblock print style, black and white baimiao line drawing on aged yellowed xuan paper, fine curved carving lines, no coloring, pure ink lines, traditional baimiao landscape technique, classical narrative figures, ancient rustic antique book texture, rich detail, high-fidelity line work"
7B-01-01,隋朝建立,581年,581,隋朝,隋朝初期,大兴（长安，今陕西西安）,陕西省,西安市,34.25,108.9,七下,第一单元 隋唐时期,581年，北周外戚杨坚夺取政权，建立隋朝，定都长安（大兴城），他就是隋文帝。隋文帝在位期间励精图治，推行一系列改革：发展经济、编订户籍、统一南北币制、加强中央集权，国力迅速增强。589年隋灭陈朝，结束了自西晋末年以来近三百年的分裂割据局面，中国再次实现大一统。,"Sui Emperor Wen on throne in Daxingcheng palace, generals reporting the fall of Chen kingdom, a unified China emerging from three centuries of division, imperial edicts for standardization of currency and law, the newly reunited empire stretching across the map, Late Ming Huizhou woodblock print style, black and white baimiao line drawing on aged yellowed xuan paper, fine curved carving lines, no coloring, pure ink lines, traditional baimiao landscape technique, classical narrative figures, ancient rustic antique book texture, rich detail, high-fidelity line work"
7B-01-02,隋朝统一全国,589年,589,隋朝,隋朝初期,建康（今江苏南京）,江苏省,南京市,32.06,118.79,七下,第一单元 隋唐时期,589年，隋文帝派杨广（后来的隋炀帝）率大军南下，渡过长江，一举攻灭南朝的陈朝，将陈后主及文武百官俘往长安。至此南北统一，天下重归一统。隋朝的统一顺应了历史发展趋势，为唐朝的繁荣强盛奠定了政治和经济基础。,"Sui army crossing the Yangtze River toward Jiankang, Chen emperor captured and led away in chains, Luoyang palace celebrating reunification, the end of the North-South division, victorious banners and unified imperial standard, Late Ming Huizhou woodblock print style, black and white baimiao line drawing on aged yellowed xuan paper, fine curved carving lines, no coloring, pure ink lines, traditional baimiao landscape technique, classical narrative figures, ancient rustic antique book texture, rich detail, high-fidelity line work"
7B-01-03,开通大运河,605年起,605,隋朝,隋炀帝时期,洛阳为中心，北达涿郡、南至余杭,多省,全长约2700公里，贯穿五大水系：海河、黄河、淮河、长江、钱塘江,33.6,115,七下,第一单元 隋唐时期,隋炀帝为加强南北交通、巩固隋朝对全国的统治，从605年起征发数百万民夫，利用已有的天然河道和旧有运河，开凿了一条贯通南北的大运河。大运河以洛阳为中心，北抵涿郡（今北京），南达余杭（今浙江杭州），全长约两千七百公里，连接了海河、黄河、淮河、长江、钱塘江五大水系。大运河的开通加强了南北地区的政治、经济和文化交流，但也给人民带来了沉重的劳役负担。,"Grand construction scene of the Canal, millions of laborers digging channels and building embankments, the canal network connecting Luoyang to Zhuojun northward and Yuhang southward, boats already navigating the completed sections, massive engineering achievement linking five river systems, Late Ming Huizhou woodblock print style, black and white baimiao line drawing on aged yellowed xuan paper, fine curved carving lines, no coloring, pure ink lines, traditional baimiao landscape technique, classical narrative figures, ancient rustic antique book texture, rich detail, high-fidelity line work"
7B-01-04,创立科举制/进士科,隋炀帝时（约605年）,605,隋朝,隋炀帝时期,大兴/洛阳,陕西/河南,西安/洛阳,34.62,112.45,七下,第一单元 隋唐时期,隋朝改变了魏晋南北朝以来凭门第选拔官员的「九品中正制」。隋文帝时开始用分科考试的方法选拔官员；隋炀帝时正式设立进士科，按考试成绩选拔人才，标志着科举制度的正式创立。科举制是中国古代选官制度的一大变革，它加强了皇帝在选官和用人上的权力，扩大了官吏选拔的来源，此后在中国沿用了约一千三百年。,"Sui dynasty examination hall in the capital, scholars seated at desks writing essays for the jinshi examination, imperial examiners reviewing submitted papers, the groundbreaking selection system replacing hereditary privilege, candidates from across the empire competing on merit, Late Ming Huizhou woodblock print style, black and white baimiao line drawing on aged yellowed xuan paper, fine curved carving lines, no coloring, pure ink lines, traditional baimiao landscape technique, classical narrative figures, ancient rustic antique book texture, rich detail, high-fidelity line work"
7B-01-05,唐朝建立,618年,618,唐朝,唐朝初期,长安（今陕西西安）,陕西省,西安市,34.25,108.9,七下,第一单元 隋唐时期,隋末，天下大乱，各地义军纷起。617年，太原留守李渊趁机起兵，攻入长安。618年，李渊在长安称帝，建立唐朝。随后他和儿子李世民逐步消灭了各地割据势力，重新统一了全国。一个更加辉煌的大唐帝国拉开了序幕。,"Li Yuan declaring himself emperor in Chang'an, Tang generals swearing allegiance, the founding of a new dynasty amid post-Sui chaos, city walls of Chang'an and the rising Tang imperial standard, Late Ming Huizhou woodblock print style, black and white baimiao line drawing on aged yellowed xuan paper, fine curved carving lines, no coloring, pure ink lines, traditional baimiao landscape technique, classical narrative figures, ancient rustic antique book texture, rich detail, high-fidelity line work"
7B-01-06,玄武门之变,626年,626,唐朝,唐朝初期,长安玄武门（今陕西西安）,陕西省,西安市,34.25,108.9,七下,第一单元 隋唐时期,唐朝建立后，太子李建成和秦王李世民之间为争夺皇位继承权矛盾日益加深。626年，李世民在长安宫城北门——玄武门埋下伏兵，射杀了前来上朝的太子李建成和齐王李元吉。不久李渊被迫退位，李世民登基，是为唐太宗。玄武门之变虽然是兄弟相残的悲剧，但李世民即位后开创了贞观之治。,"The Xuanwu Gate incident, Li Shimin's ambush at the palace north gate, arrows striking down the crown prince and prince Qi, shocked imperial guards, the dramatic power seizure that would lead to the Zhenguan era, Late Ming Huizhou woodblock print style, black and white baimiao line drawing on aged yellowed xuan paper, fine curved carving lines, no coloring, pure ink lines, traditional baimiao landscape technique, classical narrative figures, ancient rustic antique book texture, rich detail, high-fidelity line work"
7B-01-07,贞观之治,627-649年,630,唐朝,唐太宗时期,长安（今陕西西安）,陕西省,西安市,34.25,108.9,七下,第一单元 隋唐时期,唐太宗李世民在位期间（627—649年），吸取隋朝灭亡的教训，勤于政事，虚心纳谏，知人善任。他广纳贤才，重用敢于直言的魏征、足智多谋的房玄龄和杜如晦（时称「房谋杜断」）。他减轻人民负担，发展农业生产，完善科举制度。这一时期政治清明、经济繁荣、社会安定、国力增强，史称「贞观之治」。,"Emperor Taizong in the Chang'an palace council chamber, minister Wei Zheng boldly presenting critical advice, capable advisors Fang Xuanling and Du Ruhui at his side, prosperous Chang'an streets visible through palace windows, the golden age of Zhenguan governance, Late Ming Huizhou woodblock print style, black and white baimiao line drawing on aged yellowed xuan paper, fine curved carving lines, no coloring, pure ink lines, traditional baimiao landscape technique, classical narrative figures, ancient rustic antique book texture, rich detail, high-fidelity line work"
7B-01-08,文成公主入藏,641年,641,唐朝,唐太宗时期,长安→逻些（今西藏拉萨）,陕西→西藏,西安→拉萨,29.65,91.13,七下,第一单元 隋唐时期,7世纪前期，吐蕃赞普松赞干布统一了青藏高原。他仰慕中原文化，多次向唐求婚。641年，唐太宗将文成公主嫁给了松赞干布。文成公主入藏带去了蔬菜种子、茶叶、丝绸、工艺品以及医药、历法、生产技术等方面的书籍，大大促进了吐蕃经济文化的发展。此后唐蕃之间保持了很长时间的友好关系。,"Princess Wencheng on a long caravan journey from Chang'an to Tibetan highlands, palace gifts of silk scrolls and tea being unloaded, Songtsen Gampo welcoming her at Lhasa palace gates, cultural exchange transforming Tibetan civilization, Late Ming Huizhou woodblock print style, black and white baimiao line drawing on aged yellowed xuan paper, fine curved carving lines, no coloring, pure ink lines, traditional baimiao landscape technique, classical narrative figures, ancient rustic antique book texture, rich detail, high-fidelity line work"
7B-01-09,武则天称帝（武周）,690年,690,武周/唐朝,武则天时期,洛阳（神都）（今河南洛阳）,河南省,洛阳市,34.62,112.45,七下,第一单元 隋唐时期,唐高宗去世后，武则天逐渐掌握大权。690年，她正式改国号为「周」，定都洛阳（称神都），成为中国历史上唯一的女皇帝。她在位期间大力发展科举制度，创殿试和武举；重用有才能的人，如名相狄仁杰；继续推行唐太宗的减轻农民负担政策。社会经济持续发展，为后来的开元盛世奠定了基础。,"Empress Wu Zetian enthroned in Luoyang as the only female emperor in Chinese history, wearing imperial dragon robe, reviewing examination candidates in the palace hall, minister Di Renjie presenting counsel, the Zhou dynasty capital of Shendu flourishing, Late Ming Huizhou woodblock print style, black and white baimiao line drawing on aged yellowed xuan paper, fine curved carving lines, no coloring, pure ink lines, traditional baimiao landscape technique, classical narrative figures, ancient rustic antique book texture, rich detail, high-fidelity line work"
7B-01-10,开元盛世,713-741年（开元年间）,720,唐朝,唐玄宗前期,长安（今陕西西安）,陕西省,西安市,34.25,108.9,七下,第一单元 隋唐时期,唐玄宗在位前期（开元年间，713—741年）励精图治，任用贤相姚崇、宋璟等人，整顿吏治，发展经济，重视文教，唐朝进入鼎盛时期。当时社会上出现了政治稳定、经济繁荣、国库充盈、民众生活安定的局面。诗人杜甫在《忆昔》中写道「忆昔开元全盛日，小邑犹藏万家室。稻米流脂粟米白，公私仓廪俱丰实」，生动描绘了开元年间的繁荣景象。,"Chang'an city during Kaiyuan era peak prosperity, bustling market streets filled with merchants from across Asia, imperial palace grand and luminous, granaries overflowing with rice, citizens living in comfort, the magnificent zenith of Tang civilization, Late Ming Huizhou woodblock print style, black and white baimiao line drawing on aged yellowed xuan paper, fine curved carving lines, no coloring, pure ink lines, traditional baimiao landscape technique, classical narrative figures, ancient rustic antique book texture, rich detail, high-fidelity line work"
7B-01-11,安史之乱,755-763年,755,唐朝,唐玄宗后期,范阳起兵→长安、洛阳,河北→陕西/河南,起于范阳（今北京），波及洛阳、长安,34.25,108.9,七下,第一单元 隋唐时期,唐玄宗统治后期，宠爱杨贵妃，怠于政事，任用奸臣李林甫、杨国忠等，政治日益腐败。755年，身兼范阳、平卢、河东三镇节度使的安禄山以讨伐杨国忠为名，在范阳（今北京）起兵叛乱，很快攻占洛阳和长安。安禄山死后，其部将史思明继续叛乱，前后历时八年才被平定。安史之乱使北方社会经济遭受严重破坏，唐朝从此由盛转衰。,"An Lushan's rebel cavalry charging southward from Fanyang, flames engulfing Luoyang and Chang'an streets, Emperor Xuanzong fleeing westward with his court on horseback, Yang Guifei's tragic end at Mawei station, the devastating eight-year war shattering Tang prosperity, Late Ming Huizhou woodblock print style, black and white baimiao line drawing on aged yellowed xuan paper, fine curved carving lines, no coloring, pure ink lines, traditional baimiao landscape technique, classical narrative figures, ancient rustic antique book texture, rich detail, high-fidelity line work"
7B-01-12,黄巢起义,878-884年,878,唐朝,唐朝末年,今山东→全国→长安,山东起事,起于山东菏泽，攻入长安,35.23,115.43,七下,第一单元 隋唐时期,唐朝后期，统治腐朽，土地兼并严重，加上连年灾荒，农民困苦不堪。878年，山东人黄巢率众起义，转战大半个中国，881年攻入长安建立「大齐」政权。起义虽然最终失败，但给唐朝统治以沉重打击。907年，朱温废唐自立，唐朝灭亡，中国历史进入五代十国的分裂时期。,"Huang Chao's rebel army marching through Shandong countryside toward Chang'an, peasants joining the uprising with farm-tool weapons, the rebel leader entering the capital declaring a new regime, chaotic streets of the declining Tang empire, Late Ming Huizhou woodblock print style, black and white baimiao line drawing on aged yellowed xuan paper, fine curved carving lines, no coloring, pure ink lines, traditional baimiao landscape technique, classical narrative figures, ancient rustic antique book texture, rich detail, high-fidelity line work"
7B-01-13,玄奘西行取经,629-645年（贞观年间）,629,唐朝,唐太宗时期,长安→天竺（今印度）,跨国,西安出发，经中亚到印度,30,78,七下,第一单元 隋唐时期,唐朝高僧玄奘为了求取佛法，于贞观初年从长安出发，经河西走廊、出玉门关，历经千辛万苦到达天竺（今印度）。他在天竺最大的佛教学府那烂陀寺学习佛法，遍访天竺各地。645年他带着大量佛经回到长安，此后潜心翻译佛经，并口述由弟子写成《大唐西域记》，为研究中亚和南亚历史地理提供了珍贵资料。,"Monk Xuanzang on a long westward journey crossing deserts and mountains, traversing the Hexi Corridor and Central Asian steppes, arriving at the Nalanda monastery in India, Buddhist scholars debating in temple halls, the pilgrim returning with bundles of sutras to Chang'an, Late Ming Huizhou woodblock print style, black and white baimiao line drawing on aged yellowed xuan paper, fine curved carving lines, no coloring, pure ink lines, traditional baimiao landscape technique, classical narrative figures, ancient rustic antique book texture, rich detail, high-fidelity line work"
7B-01-14,鉴真东渡,754年（六次东渡成功）,754,唐朝,唐玄宗时期,扬州→日本奈良,跨国,扬州出发，抵达日本奈良,34.68,135.83,七下,第一单元 隋唐时期,唐朝高僧鉴真应日本僧人的邀请，从742年起先后六次尝试东渡日本。前五次因风浪、官府阻拦等原因均未成功，鉴真自己也因劳累过度而双目失明。但他矢志不渝，终于在754年第六次东渡成功，抵达日本奈良。他在日本传播佛教戒律，并带去了中国的建筑、雕塑、医药等文化和科技知识，主持建造了唐招提寺，对中日文化交流做出了巨大贡献。,"Monk Jianzhen on a storm-tossed ship during his fifth failed attempt to reach Japan, the determined blind priest finally arriving at Nara shore, Japanese monks receiving him respectfully, the construction of Toshodai-ji temple in Japan, cultural transmission across the sea, Late Ming Huizhou woodblock print style, black and white baimiao line drawing on aged yellowed xuan paper, fine curved carving lines, no coloring, pure ink lines, traditional baimiao landscape technique, classical narrative figures, ancient rustic antique book texture, rich detail, high-fidelity line work"
7B-01-15,隋朝创立三省六部制,隋朝（581-618年）,581,隋朝,隋朝,大兴（长安）,陕西省,西安市,34.25,108.9,七下,第一单元 隋唐时期,隋朝在中央确立三省六部制，是中国古代官制的重大创新。中书省负责起草政令，门下省负责审核，尚书省负责执行。尚书省下设吏、户、礼、兵、刑、工六部，分管官员考核、户籍财政、礼仪教育、军事国防、刑法律令、工程建设等事务。这一制度分工明确、相互制衡，被此后历代王朝沿袭和改进。,"Sui dynasty central government hall, the Three Departments and Six Ministries system displayed on a chart, officials in the Zhongshu Shangshu and Menxia departments processing edicts, six ministry heads managing state affairs, institutional innovation of bureaucratic governance, Late Ming Huizhou woodblock print style, black and white baimiao line drawing on aged yellowed xuan paper, fine curved carving lines, no coloring, pure ink lines, traditional baimiao landscape technique, classical narrative figures, ancient rustic antique book texture, rich detail, high-fidelity line work"
7B-01-16,唐诗繁荣,唐朝（618-907年）,700,唐朝,整个唐朝,长安/洛阳及全国,全国,全国各地,34.25,108.9,七下,第一单元 隋唐时期,唐朝是中国诗歌发展的黄金时代。诗仙李白诗风豪放飘逸，想象丰富；诗圣杜甫诗风沉郁顿挫，心系苍生。此外还有王维、孟浩然、高适、岑参、白居易、李商隐等大批杰出诗人。流传至今的唐诗近五万首。唐诗在内容和形式上达到了极高的艺术成就，是中国文学史上最灿烂的篇章。,"Tang Chang'an literary salon, poets Li Bai drinking wine and composing verses with brush and paper, Du Fu writing melancholic poems about people's suffering, Wang Wei painting landscapes, a vibrant gathering of literary masters in the golden age of Chinese poetry, Late Ming Huizhou woodblock print style, black and white baimiao line drawing on aged yellowed xuan paper, fine curved carving lines, no coloring, pure ink lines, traditional baimiao landscape technique, classical narrative figures, ancient rustic antique book texture, rich detail, high-fidelity line work"
7B-02-01,陈桥兵变 / 北宋建立,960年,960,北宋,北宋初期,陈桥驿（今河南开封东北）,河南省,开封市北,34.8,114.35,七下,第二单元 辽宋夏金元,后周大将赵匡胤在率军北上御敌途中，于开封东北的陈桥驿发动兵变。部下将一件黄袍披在他身上，拥立他做皇帝。赵匡胤随即回师开封，取代后周，建立了宋朝，定都东京（今河南开封），史称北宋。赵匡胤就是宋太祖。,"General Zhao Kuangyin at Chenqiao Station, his officers draping a yellow imperial robe over his shoulders, soldiers kneeling in allegiance, dawn light on the snow-covered camp, the peaceful military coup founding the Northern Song dynasty, Late Ming Huizhou woodblock print style, black and white baimiao line drawing on aged yellowed xuan paper, fine curved carving lines, no coloring, pure ink lines, traditional baimiao landscape technique, classical narrative figures, ancient rustic antique book texture, rich detail, high-fidelity line work"
7B-02-02,杯酒释兵权,961年,961,北宋,北宋初期,开封（东京）（今河南开封）,河南省,开封市,34.8,114.35,七下,第二单元 辽宋夏金元,宋太祖建隆二年（961年），赵匡胤设宴款待禁军高级将领。酒席间他委婉劝这些老将交出兵权，以安享富贵。众将领会其意，第二天纷纷称病辞去军职。由此赵匡胤和平解除了大将的兵权，加强了中央集权，并确立了「重文轻武」的治国方针。杯酒释兵权巩固了北宋政权，但也导致此后宋朝军事力量相对薄弱。,"Song Emperor Taizu hosting a banquet for military generals, wine cups on the table, the emperor subtly persuading commanders to relinquish their military posts, generals nodding in agreement, the diplomatic removal of warlord power strengthening central governance, Late Ming Huizhou woodblock print style, black and white baimiao line drawing on aged yellowed xuan paper, fine curved carving lines, no coloring, pure ink lines, traditional baimiao landscape technique, classical narrative figures, ancient rustic antique book texture, rich detail, high-fidelity line work"
7B-02-03,澶渊之盟,1005年,1005,北宋（宋辽）,北宋时期,澶州（今河南濮阳）,河南省,濮阳市,35.77,115.02,七下,第二单元 辽宋夏金元,1004年辽军大举南下攻宋，直达澶州（今河南濮阳）城下，威胁都城开封。宋真宗在主战派宰相寇准的坚持下来到前线督战，宋军士气大振。在战局有利的情况下，宋辽双方议和，签订了澶渊之盟：双方约为兄弟之国，宋每年给辽岁币银十万两、绢二十万匹。此后宋辽维持了约百年的和平，边境榷场贸易繁盛。,"Battle at Chanzhou, Song Emperor Zhenzong on the city wall boosting morale, Prime Minister Kou Zhun pointing toward the enemy lines, Liao cavalry below the walls, negotiation scene leading to the Chanyuan Covenant peace treaty, Late Ming Huizhou woodblock print style, black and white baimiao line drawing on aged yellowed xuan paper, fine curved carving lines, no coloring, pure ink lines, traditional baimiao landscape technique, classical narrative figures, ancient rustic antique book texture, rich detail, high-fidelity line work"
7B-02-04,交子出现,北宋前期（约1023年）,1023,北宋,北宋中期,四川地区,四川省,成都及周边,30.66,104.06,七下,第二单元 辽宋夏金元,北宋前期，随着商业的迅速发展，四川地区出现了「交子」——用楮树皮纸印刷的兑换凭证，最初由成都十六家富商联合发行。后来收归官办，设交子务专门管理。交子方便携带和交易，是世界上最早的纸币，比欧洲最早的纸币早约六百年。它的出现是商品经济高度发展的产物，对促进宋代商业贸易繁荣起到了重要作用。,"Sichuan marketplace with merchants handling printed jiaozi paper notes, the world's earliest paper currency being exchanged for silk and tea, government jiaozi office issuing new notes, busy commercial streets of Chengdu during Song era prosperity, Late Ming Huizhou woodblock print style, black and white baimiao line drawing on aged yellowed xuan paper, fine curved carving lines, no coloring, pure ink lines, traditional baimiao landscape technique, classical narrative figures, ancient rustic antique book texture, rich detail, high-fidelity line work"
7B-02-05,王安石变法,1069年,1069,北宋,宋神宗时期,开封（东京）（今河南开封）,河南省,开封市,34.8,114.35,七下,第二单元 辽宋夏金元,北宋中期，财政危机日益严重，积贫积弱。1069年，宋神宗任用王安石主持变法。变法涉及财政、军事、教育等多个方面，主要措施有：青苗法（官府向农民低息贷款）、募役法（以钱代役）、方田均税法（重新丈量土地按亩收税）等。变法收到了一些成效，增加了政府收入，但因触动大官僚地主利益而遭到强烈反对，最终失败。,"Wang Anshi presenting reform proposals to Emperor Shenzong in the Kaifeng palace hall, officials debating new policies like the Green Sprouts loan system, farmers receiving government grain loans, the controversial New Policies transforming Song administration, Late Ming Huizhou woodblock print style, black and white baimiao line drawing on aged yellowed xuan paper, fine curved carving lines, no coloring, pure ink lines, traditional baimiao landscape technique, classical narrative figures, ancient rustic antique book texture, rich detail, high-fidelity line work"
7B-02-06,靖康之变 / 北宋灭亡,1127年,1127,北宋→南宋,北宋灭亡,开封（东京）（今河南开封）,河南省,开封市,34.8,114.35,七下,第二单元 辽宋夏金元,北宋后期，金国崛起。1127年，金军南下攻破北宋都城东京（开封），掳走了宋徽宗、宋钦宗两位皇帝以及大量皇族、大臣、工匠北上，北宋灭亡。因事发靖康年间，故史称「靖康之变」或「靖康之耻」。南宋名将岳飞的《满江红》中「靖康耻，犹未雪」即指此事。徽钦二帝被掳北上后，赵构在应天府即位，后南迁临安，建立南宋。,"Jin cavalry storming through breached walls of Kaifeng, Song emperors Huizong and Qinzong being led away in captivity, the imperial palace in flames, Northern Song officials in despair, the catastrophic Jingkang Incident ending the dynasty, Late Ming Huizhou woodblock print style, black and white baimiao line drawing on aged yellowed xuan paper, fine curved carving lines, no coloring, pure ink lines, traditional baimiao landscape technique, classical narrative figures, ancient rustic antique book texture, rich detail, high-fidelity line work"
7B-02-07,南宋建立,1127年,1127,南宋,南宋初期,临安（今浙江杭州）,浙江省,杭州市,30.27,120.16,七下,第二单元 辽宋夏金元,靖康之变后，宋徽宗的第九子赵构于1127年在应天府（今河南商丘）即位，后为躲避金兵追击逃往南方，最终定都临安（今浙江杭州），史称南宋。赵构即宋高宗。南宋与金长期对峙，虽偏安江南一隅，但经济文化仍然繁荣，江南地区得到了进一步开发。,"Prince Zhao Gou establishing the Southern Song court at Lin'an, the new capital on Hangzhou's West Lake shore, imperial banners being raised, officials relocating southward, the refugee court finding stability in Jiangnan's prosperity, Late Ming Huizhou woodblock print style, black and white baimiao line drawing on aged yellowed xuan paper, fine curved carving lines, no coloring, pure ink lines, traditional baimiao landscape technique, classical narrative figures, ancient rustic antique book texture, rich detail, high-fidelity line work"
7B-02-08,岳飞抗金/郾城大捷,1140年,1140,南宋,南宋初期,郾城（今河南漯河）,河南省,漯河市郾城区,33.58,114.02,七下,第二单元 辽宋夏金元,南宋初年，金军大举南下。岳飞率领「岳家军」英勇抗击，军纪严明、「冻死不拆屋，饿死不掳掠」，深得人民爱戴。1140年，岳家军在郾城（今河南漯河）大败金军精锐骑兵，乘胜进至离开封仅四十五里的朱仙镇。但宋高宗和宰相秦桧一心求和，连下十二道金牌命令岳飞班师。岳飞回朝后被以「莫须有」（或许有）的罪名杀害于临安风波亭，年仅三十九岁。,"General Yue Fei commanding his disciplined Yue army at Yancheng battlefield, Song cavalry defeating Jin elite troops, the hero's forces advancing toward Kaifeng, tragic scene of twelve golden recall banners stopping the victorious campaign, Late Ming Huizhou woodblock print style, black and white baimiao line drawing on aged yellowed xuan paper, fine curved carving lines, no coloring, pure ink lines, traditional baimiao landscape technique, classical narrative figures, ancient rustic antique book texture, rich detail, high-fidelity line work"
7B-02-09,南宋与金和议（绍兴和议）,1141年,1141,南宋,南宋初期,临安（今浙江杭州）,浙江省,杭州市,30.27,120.16,七下,第二单元 辽宋夏金元,岳飞被害后，宋金于1141年达成和议（绍兴和议）。双方约定：东以淮水、西至大散关为界，南宋向金称臣，每年向金纳贡银25万两、绢25万匹。此后宋金之间维持了较长时期的和平对峙局面，南宋得以偏安江南。,"Southern Song court in Lin'an, Emperor Gaozong and Qin Kui signing the Shaoxing peace treaty with Jin envoys, the border demarcated at the Huai River and Dasan Pass, Song diplomats accepting subordinate status, the costly peace establishing long-term stalemate, Late Ming Huizhou woodblock print style, black and white baimiao line drawing on aged yellowed xuan paper, fine curved carving lines, no coloring, pure ink lines, traditional baimiao landscape technique, classical narrative figures, ancient rustic antique book texture, rich detail, high-fidelity line work"
7B-02-10,成吉思汗统一蒙古,1206年,1206,蒙古,蒙古兴起,斡难河源（今蒙古国肯特省）,蒙古高原,蒙古国斡难河上游,47.6,109,七下,第二单元 辽宋夏金元,12世纪时，蒙古高原上部落林立，互相攻伐不休。铁木真经过艰苦征战，于1206年统一了蒙古各部，在斡难河源召开大会，被推举为大汗，尊号为「成吉思汗」（意为拥有四海的君主）。他建立了军政合一的国家体制，组建了强大的骑兵部队，为日后建立地跨欧亚的蒙古帝国迈出了第一步。,"Temujin on the Onon River steppe being proclaimed Genghis Khan, Mongol warriors cheering on horseback across the vast grasslands, yurt camps dotting the horizon, the unification of Mongol tribes under one supreme leader, dawn of the Mongol Empire, Late Ming Huizhou woodblock print style, black and white baimiao line drawing on aged yellowed xuan paper, fine curved carving lines, no coloring, pure ink lines, traditional baimiao landscape technique, classical narrative figures, ancient rustic antique book texture, rich detail, high-fidelity line work"
7B-02-11,忽必烈建立元朝,1271年,1271,元朝,元朝建立,大都（今北京）,北京市,北京市,39.9,116.4,七下,第二单元 辽宋夏金元,1260年成吉思汗的孙子忽必烈继承了汗位。1271年，忽必烈接受汉臣建议，取《易经》中「大哉乾元」之意，改国号为「大元」，定都大都（今北京）。他是元朝的开国皇帝，即元世祖。元朝是中国历史上第一个由少数民族（蒙古族）建立的全国统一的封建王朝，疆域空前辽阔。,"Kublai Khan enthroned in Dadu's newly built imperial palace, Mongol and Han officials standing in attendance, the Yuan dynasty name proclaimed from the Book of Changes, the Great Capital city being constructed, first minority-ruled unified dynasty in Chinese history, Late Ming Huizhou woodblock print style, black and white baimiao line drawing on aged yellowed xuan paper, fine curved carving lines, no coloring, pure ink lines, traditional baimiao landscape technique, classical narrative figures, ancient rustic antique book texture, rich detail, high-fidelity line work"
7B-02-12,崖山海战 / 南宋灭亡,1279年,1279,南宋→元朝,南宋灭亡,崖山（今广东新会南）,广东省,江门市新会区崖门,22.3,113.05,七下,第二单元 辽宋夏金元,元朝建立后，南宋仍在江南地区顽强抵抗。1279年，元将张弘范率水军追击南宋残余势力至广东崖山（今广东新会），与南宋军民展开最后的决战。宋军战败，左丞相陆秀夫背负八岁的幼帝赵昺跳海殉国。南宋灭亡，元朝统一全国。,"Last stand at Yashan sea cliffs, Yuan warships surrounding the remaining Song fleet, Minister Lu Xiufu carrying the eight-year-old Song emperor leaping into the sea, burning ships and drowning soldiers, the final naval battle ending the Song dynasty, Late Ming Huizhou woodblock print style, black and white baimiao line drawing on aged yellowed xuan paper, fine curved carving lines, no coloring, pure ink lines, traditional baimiao landscape technique, classical narrative figures, ancient rustic antique book texture, rich detail, high-fidelity line work"
7B-02-13,行省制度建立,元朝（约1280年代）,1280,元朝,元朝,全国设立行中书省,全国,全国范围,39.9,116.4,七下,第二单元 辽宋夏金元,元朝版图空前辽阔，为有效管理庞大的疆域，忽必烈在地方上设置了「行中书省」（简称行省或省）。全国共分为十个行省，行省长官由中央直接任命。行省制度是对秦汉以来郡县制的重大发展，是中国历史上省制的开创者，对后世产生了深远影响，今天中国的省级行政区划即由此演变而来。,"Yuan dynasty administrative map showing ten provincial circuits, the Zhongshu Sheng central bureau in Dadu, regional branch secretariats governing vast territories, officials appointed by the emperor reviewing provincial reports, the groundbreaking provincial system governing China's largest empire, Late Ming Huizhou woodblock print style, black and white baimiao line drawing on aged yellowed xuan paper, fine curved carving lines, no coloring, pure ink lines, traditional baimiao landscape technique, classical narrative figures, ancient rustic antique book texture, rich detail, high-fidelity line work"
7B-02-14,宣政院管辖西藏,元朝,1280,元朝,元朝,西藏地区,西藏自治区,西藏,31,89,七下,第二单元 辽宋夏金元,元朝在中央设置宣政院，负责掌管全国的佛教事务，并直接管辖西藏地区。朝廷在西藏调查户口、设置驿站、驻扎军队、征收赋税、任免官吏。宣政院的设置标志着西藏地区正式成为中央政府直接管辖下的一个地方行政区域，西藏从此与中央政府之间的统属关系更加密切和固定化。,"Xuanzheng Yuan officials in Tibetan territory, Yuan administrators registering households and setting up relay stations, imperial decree establishing direct central governance over Tibet, Tibetan monks and Yuan officers cooperating in Lhasa, formal integration of Tibet into the Yuan state system, Late Ming Huizhou woodblock print style, black and white baimiao line drawing on aged yellowed xuan paper, fine curved carving lines, no coloring, pure ink lines, traditional baimiao landscape technique, classical narrative figures, ancient rustic antique book texture, rich detail, high-fidelity line work"
7B-02-15,活字印刷术（毕昇）,北宋庆历年间（约1040年）,1040,北宋,北宋中期,今湖北/浙江一带（杭州地区）,浙江省,杭州一带,30.27,120.16,七下,第二单元 辽宋夏金元,北宋庆历年间（约1040—1048年），平民出身的毕昇发明了活字印刷术。他用胶泥制成单个的活字，排版时按文稿将活字排在铁框内，用松脂等固定，印刷完毕后再将活字拆下备下次使用。这极大提高了印刷效率，比德国人谷登堡的活字印刷术早了约四百年。活字印刷术后来传往世界，对人类文明的发展和传播产生了重大影响。,"Printer Bi Sheng in a workshop arranging individual clay characters on an iron plate, the innovative movable-type system being assembled for printing, ink being applied to the composed text block, finished printed pages stacked beside the press, revolutionary printing technology, Late Ming Huizhou woodblock print style, black and white baimiao line drawing on aged yellowed xuan paper, fine curved carving lines, no coloring, pure ink lines, traditional baimiao landscape technique, classical narrative figures, ancient rustic antique book texture, rich detail, high-fidelity line work"
7B-02-16,指南针用于航海,北宋末年,1100,北宋,北宋,用于海上航行,沿海地区,东南沿海,28,120,七下,第二单元 辽宋夏金元,中国在战国时期已发现磁石指南的特性，并制造出「司南」。到了北宋末年，指南针开始应用于航海。北宋海船在阴雨天依靠指南针辨别方向，中国成为最早将指南针用于航海的国家。南宋时指南针经阿拉伯人传入欧洲，为新航路的开辟和世界航海事业的发展提供了重要条件。指南针是中国古代四大发明之一。,"Song dynasty navigator on a coastal ship using a compass device to determine direction in foggy seas, the magnetic pointer floating in a water bowl, ocean waves and distant shoreline, maritime trade vessels sailing along the southeast coast, Late Ming Huizhou woodblock print style, black and white baimiao line drawing on aged yellowed xuan paper, fine curved carving lines, no coloring, pure ink lines, traditional baimiao landscape technique, classical narrative figures, ancient rustic antique book texture, rich detail, high-fidelity line work"
7B-03-01,明朝建立,1368年,1368,明朝,明朝初期,应天府（今江苏南京）,江苏省,南京市,32.06,118.79,七下,第三单元 明清时期,元朝末年，天下大乱，农民起义此起彼伏。朱元璋出身贫苦，曾当过和尚，后加入红巾军起义队伍，凭借卓越的军事才能逐渐壮大。1368年，朱元璋在应天府（今江苏南京）称帝，建立明朝，年号洪武，他就是明太祖。同年秋，明军攻占元大都，元朝灭亡。,"Zhu Yuanzhang crowned as Ming Emperor in Nanjing, the former monk-turned-warlord in imperial dragon robe, Ming army banners marching through defeated Yuan capital Dadu, the founding of a new dynasty rising from peasant rebellion, Late Ming Huizhou woodblock print style, black and white baimiao line drawing on aged yellowed xuan paper, fine curved carving lines, no coloring, pure ink lines, traditional baimiao landscape technique, classical narrative figures, ancient rustic antique book texture, rich detail, high-fidelity line work"
7B-03-02,靖难之役,1399-1402年,1402,明朝,明初,北方→南京,河北→江苏,北京到南京,35,117,七下,第三单元 明清时期,明太祖朱元璋去世后，皇太孙朱允炆继位（建文帝），实行「削藩」政策。燕王朱棣于1399年以「清君侧」为名起兵反抗，经过四年战争，于1402年攻入南京。建文帝下落不明，朱棣即皇帝位，年号永乐，是为明成祖。朱棣即位后为加强对北方的控制和防范蒙古，决定将都城从南京迁往自己的根据地北平。,"Prince Zhu Di's army marching south toward Nanjing, the Jingnan campaign raging through Hebei plains, flames rising from the Nanjing palace as Zhu Di's forces breach the gates, the usurper prince ascending the throne as Emperor Chengzu, Late Ming Huizhou woodblock print style, black and white baimiao line drawing on aged yellowed xuan paper, fine curved carving lines, no coloring, pure ink lines, traditional baimiao landscape technique, classical narrative figures, ancient rustic antique book texture, rich detail, high-fidelity line work"
7B-03-03,明成祖迁都北京,1421年,1421,明朝,明成祖时期,北京（今北京）,北京市,北京市,39.9,116.4,七下,第三单元 明清时期,明成祖朱棣即位后，下令大规模营建北京城，修建了辉煌壮丽的紫禁城（今故宫）。1421年，明成祖正式将都城从南京迁往北京，此后北京成为明清两代的都城。迁都北京加强了明朝对北方地区的军事防御和行政管理，对巩固多民族国家的统一具有重要意义。,"Grand construction of Beijing's Forbidden City, thousands of craftsmen building the imperial palace complex, Emperor Chengzu presiding over the capital relocation ceremony, the magnificent new capital city of Beijing emerging from construction scaffolding, Late Ming Huizhou woodblock print style, black and white baimiao line drawing on aged yellowed xuan paper, fine curved carving lines, no coloring, pure ink lines, traditional baimiao landscape technique, classical narrative figures, ancient rustic antique book texture, rich detail, high-fidelity line work"
7B-03-04,郑和下西洋,1405-1433年（七次）,1405,明朝,明成祖时期,从刘家港出发→东南亚→印度洋→非洲东海岸,跨国,从江苏太仓出发，最远到达非洲东海岸和红海沿岸,10,60,七下,第三单元 明清时期,为了加强同海外各国的联系，明成祖派郑和率船队出使西洋。从1405年到1433年，郑和先后七次率大型船队远航，最大的宝船长约151米、宽约61米。船队从刘家港（今江苏太仓）出发，到达亚非30多个国家和地区，最远抵达非洲东海岸和红海沿岸。郑和下西洋是世界航海史上的壮举，比欧洲航海家哥伦布的远航早了近一个世纪，体现了明朝强盛的国力和开放的气魄。,"Zheng He's treasure fleet sailing across the Indian Ocean, massive nine-masted bao-chuan ships with crews of hundreds, the fleet arriving at an African coastal port, foreign rulers greeting the Ming ambassador, exotic goods being exchanged at distant ports, Late Ming Huizhou woodblock print style, black and white baimiao line drawing on aged yellowed xuan paper, fine curved carving lines, no coloring, pure ink lines, traditional baimiao landscape technique, classical narrative figures, ancient rustic antique book texture, rich detail, high-fidelity line work"
7B-03-05,戚继光抗倭,1561-1565年（明嘉靖年间）,1561,明朝,明嘉靖时期,浙江、福建、广东沿海,浙江/福建/广东,东南沿海,28,121,七下,第三单元 明清时期,明朝中期，东南沿海倭患严重。日本武士、商人和海盗（倭寇）与中国沿海的亡命之徒相勾结，武装走私、烧杀抢掠。明政府派戚继光前往浙江抗倭。戚继光组建了一支纪律严明、训练有素的「戚家军」，创造性地运用「鸳鸯阵」等战术，在浙江台州取得九战皆捷的辉煌战果。此后他又奉命进入福建、广东剿倭，到1565年基本肃清了东南沿海的倭患。,"General Qi Jiguang training his disciplined Qi Army in Zhejiang coastal camp, soldiers practicing the mandarin-duck formation with spears and bamboo shields, coastal defense towers overlooking the sea, the anti-wokou campaign sweeping through southeast shores, Late Ming Huizhou woodblock print style, black and white baimiao line drawing on aged yellowed xuan paper, fine curved carving lines, no coloring, pure ink lines, traditional baimiao landscape technique, classical narrative figures, ancient rustic antique book texture, rich detail, high-fidelity line work"
7B-03-06,葡萄牙占据澳门,1553年,1553,明朝,明嘉靖时期,澳门,澳门特别行政区,澳门,22.2,113.55,七下,第三单元 明清时期,16世纪，欧洲殖民者开始东来。1553年，葡萄牙殖民者通过贿赂广东地方官吏，以晾晒货物为借口获得了在澳门的居住权。此后葡萄牙人逐渐在澳门定居、修城、设官管理，澳门实际上沦为葡萄牙的殖民地。直到1999年12月20日，中国才对澳门恢复行使主权。这是西方殖民者侵占中国领土的开始。,"Portuguese traders landing at a Macau peninsula harbor, European ships anchored offshore, Ming officials accepting trade goods in a coastal settlement, the beginning of Western colonial presence on Chinese territory, East-West encounter at the southern coast, Late Ming Huizhou woodblock print style, black and white baimiao line drawing on aged yellowed xuan paper, fine curved carving lines, no coloring, pure ink lines, traditional baimiao landscape technique, classical narrative figures, ancient rustic antique book texture, rich detail, high-fidelity line work"
7B-03-07,李自成起义/明朝灭亡,1644年,1644,明朝,明朝末年,北京（今北京）,北京市,北京市,39.9,116.4,七下,第三单元 明清时期,明朝末年，政治腐败，天灾不断，农民无法生存。陕北农民李自成加入起义军，提出「均田免粮」的口号，受到广大农民的热烈拥护，起义队伍迅速发展壮大。1644年，李自成在西安建立「大顺」政权，随即挥师东进，攻克北京城。崇祯皇帝在煤山（今景山）自缢，明朝的统治就此终结，共延续了276年。,"Li Zicheng's rebel army storming through Beijing city gates, the Shun dynasty banner raised over the capital, Ming Emperor Chongzhen hanging himself on a tree at Jingshan hill, chaotic streets of the fallen Ming capital, end of a 276-year dynasty, Late Ming Huizhou woodblock print style, black and white baimiao line drawing on aged yellowed xuan paper, fine curved carving lines, no coloring, pure ink lines, traditional baimiao landscape technique, classical narrative figures, ancient rustic antique book texture, rich detail, high-fidelity line work"
7B-03-08,清军入关,1644年,1644,清朝,清初,山海关→北京,河北/北京,秦皇岛市山海关区→北京,40.01,119.75,七下,第三单元 明清时期,李自成攻占北京后，明朝镇守山海关的大将吴三桂降清，引清军入关。清军与吴三桂联合，在山海关一片石击败李自成军。1644年清军进入北京，满清统治者将都城从盛京（今沈阳）迁到北京，开始了清朝对全中国的统治。此后清廷用了约二十年时间，逐步消灭了南明残余势力和各地抗清力量。,"Qing cavalry pouring through Shanhai Pass alongside Wu Sangui's forces, the decisive battle at Yipianshi defeating Li Zicheng's army, Qing banners replacing Ming standards on Beijing walls, the Manchu dynasty beginning its rule over all of China, Late Ming Huizhou woodblock print style, black and white baimiao line drawing on aged yellowed xuan paper, fine curved carving lines, no coloring, pure ink lines, traditional baimiao landscape technique, classical narrative figures, ancient rustic antique book texture, rich detail, high-fidelity line work"
7B-03-09,郑成功收复台湾,1662年,1662,清朝,清初,台湾（今台湾）,台湾省（中国台湾）,台南市,23,120.2,七下,第三单元 明清时期,明朝末年，荷兰殖民者趁中国局势混乱之机，侵占了我国宝岛台湾，实行殖民统治。1661年，在东南沿海坚持抗清的郑成功率领两万五千将士，分乘数百艘战船从金门出发横渡台湾海峡，围攻荷兰殖民者的据点热兰遮城。经过八个多月的激战，1662年荷兰殖民者被迫投降，台湾重新回到祖国的怀抱。郑成功因此被尊为民族英雄。,"Zheng Chenggong's war fleet crossing the Taiwan Strait, Ming-style warships surrounding the Dutch fortress at Zeelandia, cannon fire blazing across the harbor, the surrender of Dutch colonial forces, Taiwan returning to Chinese sovereignty, Late Ming Huizhou woodblock print style, black and white baimiao line drawing on aged yellowed xuan paper, fine curved carving lines, no coloring, pure ink lines, traditional baimiao landscape technique, classical narrative figures, ancient rustic antique book texture, rich detail, high-fidelity line work"
7B-03-10,清朝设立台湾府,1684年,1684,清朝,清康熙时期,台湾（今台湾）,台湾省（中国台湾）,台湾,23.5,121,七下,第三单元 明清时期,1683年，康熙帝派施琅率水军进攻台湾，郑氏政权投降。次年（1684年），清朝正式在台湾设置台湾府，隶属福建省管辖。台湾府的设立加强了中央政权对台湾的管理，密切了台湾与祖国大陆的联系，促进了台湾经济文化的发展，也有利于巩固东南海防。,"Qing officials establishing the Taiwan Prefecture administrative office, Qing naval commander Shi Lang's fleet in Taiwan harbor, imperial decree setting up the prefectural government under Fujian province, formal integration of Taiwan into Qing administrative system, Late Ming Huizhou woodblock print style, black and white baimiao line drawing on aged yellowed xuan paper, fine curved carving lines, no coloring, pure ink lines, traditional baimiao landscape technique, classical narrative figures, ancient rustic antique book texture, rich detail, high-fidelity line work"
7B-03-11,雅克萨之战,1685-1686年,1685,清朝,清康熙时期,雅克萨（今俄罗斯境内黑龙江北岸）,黑龙江流域,黑龙江以北,53.5,125,七下,第三单元 明清时期,17世纪中叶，沙俄势力侵入我国黑龙江流域，占领了雅克萨城。1685年和1686年，康熙帝两次派兵围攻雅克萨，痛击俄军。俄军死伤惨重，被迫同意谈判。雅克萨之战显示了清朝维护领土主权的决心和实力。,"Qing soldiers besieging the Yaksa fortress on the Amur River, Kangxi Emperor's troops encamped around the Russian fort, artillery bombardment on the wooden walls, Russian defenders surrendering after devastating losses, Qing military demonstrating territorial resolve, Late Ming Huizhou woodblock print style, black and white baimiao line drawing on aged yellowed xuan paper, fine curved carving lines, no coloring, pure ink lines, traditional baimiao landscape technique, classical narrative figures, ancient rustic antique book texture, rich detail, high-fidelity line work"
7B-03-12,中俄《尼布楚条约》,1689年,1689,清朝,清康熙时期,尼布楚（今俄罗斯涅尔琴斯克）,黑龙江流域,今俄罗斯外贝加尔边疆区,51.98,116.58,七下,第三单元 明清时期,雅克萨之战后，1689年中俄双方在尼布楚（今俄罗斯涅尔琴斯克）经过平等谈判签订了《尼布楚条约》。条约规定：中俄以格尔必齐河、额尔古纳河和外兴安岭往东至海为界，外兴安岭以北属俄国、以南属中国。这是中俄之间的第一个平等边界条约，从法律上肯定了黑龙江和乌苏里江流域包括库页岛在内的广大地区都是中国领土。,"Diplomats negotiating at Nerchinsk, Qing and Russian officials seated across a table with interpreters, the boundary treaty map being drawn marking the Stanovoy Range and Argun River, the first equal international treaty in Chinese history, establishing clear northeastern borders, Late Ming Huizhou woodblock print style, black and white baimiao line drawing on aged yellowed xuan paper, fine curved carving lines, no coloring, pure ink lines, traditional baimiao landscape technique, classical narrative figures, ancient rustic antique book texture, rich detail, high-fidelity line work"
7B-03-13,平定噶尔丹叛乱,1690-1697年,1696,清朝,清康熙时期,乌兰布通→昭莫多（今内蒙古/蒙古）,内蒙古,内蒙古中部→蒙古国,43,113,七下,第三单元 明清时期,清朝前期，西北地区的蒙古准噶尔部在首领噶尔丹的率领下日益强大，不仅控制了天山南北，还向东进攻漠北蒙古，威逼北京。为维护国家统一，康熙帝于1690年至1697年间三次率军亲征，在乌兰布通、昭莫多等地大败噶尔丹。噶尔丹众叛亲离，最终服毒自杀。此后清朝加强了对蒙古地区的管辖。,"Kangxi Emperor on horseback leading his third expedition against Galdan, Qing cavalry marching through the Mongolian steppe, battle at Ulan Butung with cannons and mounted archers, the defeated Dzungar leader's final desperate stand, consolidation of Mongolian territories under Qing rule, Late Ming Huizhou woodblock print style, black and white baimiao line drawing on aged yellowed xuan paper, fine curved carving lines, no coloring, pure ink lines, traditional baimiao landscape technique, classical narrative figures, ancient rustic antique book texture, rich detail, high-fidelity line work"
7B-03-14,驻藏大臣设立,1727年,1727,清朝,清雍正时期,拉萨（今西藏）,西藏自治区,拉萨市,29.65,91.13,七下,第三单元 明清时期,1727年，雍正帝在西藏设置驻藏大臣，代表中央政府与达赖、班禅共同管理西藏事务。驻藏大臣的设立是清朝加强对西藏地区管辖的重要举措，标志着中央政权对西藏的统治进一步加强。此后驻藏大臣制度一直延续到清末，有效地维护了多民族国家的统一。,"Qing Amban officials arriving in Lhasa to establish the resident minister post, Tibetan monks and Qing officers in the Potala Palace hall, the joint administration of Tibet by central government and local religious leaders, strengthened imperial oversight of Tibetan affairs, Late Ming Huizhou woodblock print style, black and white baimiao line drawing on aged yellowed xuan paper, fine curved carving lines, no coloring, pure ink lines, traditional baimiao landscape technique, classical narrative figures, ancient rustic antique book texture, rich detail, high-fidelity line work"
7B-03-15,军机处设立,1729年（雍正年间）,1729,清朝,清雍正时期,北京紫禁城,北京市,北京故宫,39.92,116.39,七下,第三单元 明清时期,清初沿用明朝旧制，中央议政王大臣会议权力很大，限制了皇权。雍正帝为加强君主专制，于1729年在宫内设立军机处。军机处由皇帝挑选亲信大臣组成，军国大事完全由皇帝一人裁决，军机大臣只能跪受笔录、传达执行。军机处的设立标志着中国封建君主专制达到顶峰，皇帝集军政大权于一身。,"Emperor Yongzheng in the Forbidden City establishing the Grand Council, selected ministers kneeling before the emperor recording his verbal decrees, the intimate inner palace policy-making chamber, absolute imperial power centralized through this new institution, Late Ming Huizhou woodblock print style, black and white baimiao line drawing on aged yellowed xuan paper, fine curved carving lines, no coloring, pure ink lines, traditional baimiao landscape technique, classical narrative figures, ancient rustic antique book texture, rich detail, high-fidelity line work"
7B-03-16,平定大小和卓叛乱,1758-1759年,1758,清朝,清乾隆时期,天山南路（今新疆）,新疆维吾尔自治区,新疆南部,40,81,七下,第三单元 明清时期,18世纪中叶，天山南路的维吾尔贵族大小和卓兄弟发动叛乱，企图分裂国家。乾隆帝于1758年派兵平叛，经过两年征战彻底粉碎了叛乱。随后清朝在新疆设置伊犁将军，管辖包括巴尔喀什湖在内的整个新疆地区。伊犁将军是新疆地区的最高军政长官，加强了中央对西北边疆的管辖。,"Qing army advancing through Xinjiang's southern passes against the Hoja brothers' rebellion, cannons firing on mountain fortresses, Qing cavalry pursuing fleeing rebel forces through desert oases, the establishment of Ili General's administration over the vast Xinjiang territory, Late Ming Huizhou woodblock print style, black and white baimiao line drawing on aged yellowed xuan paper, fine curved carving lines, no coloring, pure ink lines, traditional baimiao landscape technique, classical narrative figures, ancient rustic antique book texture, rich detail, high-fidelity line work"
7B-03-17,闭关锁国政策,1757年起,1757,清朝,清乾隆时期,广州一口通商,广东省,广州市,23.13,113.26,七下,第三单元 明清时期,清朝长期实行闭关锁国政策，严格限制对外贸易。1757年，乾隆帝下令除广州一处外，停止其他所有港口的对外贸易，并规定由经政府特许的「广州十三行」统一管理和经营外贸事务。闭关锁国政策虽然在一定程度上起到了防御西方殖民侵略的作用，但长期来看，它使中国与世界隔绝，逐渐落后于世界发展潮流，是导致近代中国被动挨打的重要原因之一。,"Guangzhou port with only the Thirteen Hongs factory buildings active along the waterfront, European merchants confined to the single designated trading compound, Chinese officials restricting foreign ships, the closed-door policy isolating China from world commerce, Late Ming Huizhou woodblock print style, black and white baimiao line drawing on aged yellowed xuan paper, fine curved carving lines, no coloring, pure ink lines, traditional baimiao landscape technique, classical narrative figures, ancient rustic antique book texture, rich detail, high-fidelity line work"
7B-03-18,《红楼梦》等四大名著,明清时期（14-18世纪）,1700,明清,明清,全国各地,全国,—,35,110,七下,第三单元 明清时期,明清时期是中国古典小说的繁荣时代，涌现出影响深远的「四大名著」。罗贯中的《三国演义》描写了三国时期的政治军事斗争；施耐庵的《水浒传》歌颂了北宋末年的农民起义；吴承恩的《西游记》以唐代玄奘取经为蓝本创作了充满想象力的神话故事；曹雪芹的《红楼梦》以贾府的兴衰为主线深刻揭示了封建社会的种种矛盾。此外还有「三言」「二拍」等白话短篇小说集。,"Scholars in a Ming-era study surrounded by the Four Great Classical Novels, a reader holding a copy of Romance of the Three Kingdoms, another examining Water Margin illustrations, storytellers performing in a teahouse, the golden age of Chinese vernacular literature, Late Ming Huizhou woodblock print style, black and white baimiao line drawing on aged yellowed xuan paper, fine curved carving lines, no coloring, pure ink lines, traditional baimiao landscape technique, classical narrative figures, ancient rustic antique book texture, rich detail, high-fidelity line work"
7B-03-19,李时珍著《本草纲目》,1578年（明朝）,1578,明朝,明万历时期,蕲州（今湖北蕲春）,湖北省,黄冈市蕲春县,30.23,115.44,七下,第三单元 明清时期,李时珍是明朝杰出的医药学家，在行医过程中发现古代本草书中有不少错误，决心重新编撰一部完备的药物学著作。他跋山涉水，遍访各地，采集药物标本，搜集民间验方，参考八百多种书籍，前后历时27年，终于完成了约190万字的《本草纲目》。《本草纲目》记载药物1892种，附药方11000多个，被誉为「东方医学巨典」，被译成多种文字流传世界。,"Li Shizhen hiking through mountain forests collecting medicinal plant specimens, the physician examining herbs and recording notes in his field journal, baskets of collected medicinal materials beside him, the monumental Bencao Gangmu manuscript being compiled over decades of research, Late Ming Huizhou woodblock print style, black and white baimiao line drawing on aged yellowed xuan paper, fine curved carving lines, no coloring, pure ink lines, traditional baimiao landscape technique, classical narrative figures, ancient rustic antique book texture, rich detail, high-fidelity line work"
7B-03-20,宋应星著《天工开物》,1637年（明崇祯年间）,1637,明朝,明末,分宜教谕任上（今江西）,江西省,新余市分宜县,27.82,114.68,七下,第三单元 明清时期,宋应星是明朝末年的科学家，曾任江西分宜县教谕（县学的教官）。他潜心总结民间农业和手工业生产技术，于1637年写成《天工开物》一书。全书分为十八卷，涵盖了农业、纺织、陶瓷、冶炼、造纸、武器制造等诸多领域，图文并茂地记述了当时许多先进的生产工艺和技术。该书被誉为「中国17世纪的工艺百科全书」。,"Song Yingxing in a rural workshop observing craftsmen at various production processes, a smelter casting iron tools, a potter shaping ceramics, a weaver operating a loom, the author documenting each technique with illustrations for the Tiangong Kaiwu encyclopedia, Late Ming Huizhou woodblock print style, black and white baimiao line drawing on aged yellowed xuan paper, fine curved carving lines, no coloring, pure ink lines, traditional baimiao landscape technique, classical narrative figures, ancient rustic antique book texture, rich detail, high-fidelity line work"
8A-01-01,虎门销烟,1839年6月,1839,清朝,近代史开端前,广东虎门海滩,广东省,东莞市虎门镇,22.82,113.67,八上,第一单元 侵略与反抗,1839年6月3日至25日，林则徐在广东虎门海滩主持销毁收缴的鸦片约二百三十余万斤。他命人在海滩上挖了两个大池，将鸦片投入池中用盐卤和石灰浸泡，再引海水冲走。虎门销烟是中国人民禁烟斗争的伟大胜利，显示了中华民族反抗外来侵略的坚强决心。林则徐因此被誉为民族英雄。,"Lin Zexu overseeing the destruction of opium at Humen beach, workers mixing opium balls with salt and lime in large pools, smoke rising from the destruction pits, foreign observers watching from nearby ships, the decisive anti-opium campaign demonstrating national resolve, Late Ming Huizhou woodblock print style, black and white baimiao line drawing on aged yellowed xuan paper, fine curved carving lines, no coloring, pure ink lines, traditional baimiao landscape technique, classical narrative figures, ancient rustic antique book texture, rich detail, high-fidelity line work"
8A-01-02,鸦片战争,1840-1842年,1840,清朝,近代史,广东、福建、浙江、江苏沿海,广东/福建/浙江/江苏,东南沿海,23,116,八上,第一单元 侵略与反抗,1840年6月，英国以中国虎门销烟损害其鸦片贸易利益为借口，发动了对中国的侵略战争。英军凭借坚船利炮先后攻陷定海、大沽口，进逼南京。清政府在战争中处处被动、节节败退。1842年被迫签订《南京条约》。鸦片战争使中国开始从封建社会沦为半殖民地半封建社会，是中国近代史的开端。,"British warships firing cannons at Chinese coastal fortifications, Qing defenders struggling on crumbling walls, the Opium War devastating southeast ports, British vessels advancing along the Chinese coastline, the beginning of China's semi-colonial era, Late Ming Huizhou woodblock print style, black and white baimiao line drawing on aged yellowed xuan paper, fine curved carving lines, no coloring, pure ink lines, traditional baimiao landscape technique, classical narrative figures, ancient rustic antique book texture, rich detail, high-fidelity line work"
8A-01-03,签订《南京条约》,1842年8月,1842,清朝,近代史,南京（英舰皋华丽号上）,江苏省,南京市（长江江面）,32.06,118.79,八上,第一单元 侵略与反抗,1842年8月，清政府在英舰「皋华丽号」上与英国签订了中国近代史上第一个不平等条约——《南京条约》。条约规定：割香港岛给英国；开放广州、厦门、福州、宁波、上海五处为通商口岸；赔款2100万银元；英商进出口货物缴纳的税款中国须同英国商定。从此，中国的主权和领土完整遭到严重破坏。,"Qing officials signing the Nanjing Treaty aboard the British warship Cornwallis, unequal terms being recorded on paper, cession of Hong Kong Island marked on a map, the five treaty ports marked with British flags, China's sovereignty being carved away, Late Ming Huizhou woodblock print style, black and white baimiao line drawing on aged yellowed xuan paper, fine curved carving lines, no coloring, pure ink lines, traditional baimiao landscape technique, classical narrative figures, ancient rustic antique book texture, rich detail, high-fidelity line work"
8A-01-04,第二次鸦片战争,1856-1860年,1856,清朝,近代史,广东→京津,广东/天津/北京,广州、大沽、天津、北京,39,117,八上,第一单元 侵略与反抗,1856—1860年，英法两国为进一步打开中国市场、扩大侵略权益，发动了第二次鸦片战争。1860年英法联军攻入北京，咸丰帝逃往承德避暑山庄。侵略军在北京烧杀抢掠，洗劫并焚毁了举世闻名的皇家园林——圆明园。战后清政府被迫与英、法、俄等国签订了《天津条约》和《北京条约》，中国半殖民地化程度进一步加深。,"Anglo-French expeditionary force marching toward Beijing, cannon bombardment on Dagu fortifications, the allied army entering the capital through breached gates, Treaty of Tianjin documents on a table, escalating foreign incursions into China's interior, Late Ming Huizhou woodblock print style, black and white baimiao line drawing on aged yellowed xuan paper, fine curved carving lines, no coloring, pure ink lines, traditional baimiao landscape technique, classical narrative figures, ancient rustic antique book texture, rich detail, high-fidelity line work"
8A-01-05,火烧圆明园,1860年10月,1860,清朝,近代史,北京西郊圆明园,北京市,北京市海淀区,40.01,116.3,八上,第一单元 侵略与反抗,1860年10月，英法联军闯入北京西郊的圆明园，大肆抢掠园中的金银珠宝和珍贵文物，抢不走的就打碎毁掉。为掩盖罪行，他们又放火焚烧，大火烧了三天三夜。这座历经清朝五代皇帝、耗时一百五十余年建成的「万园之园」化为一片废墟。火烧圆明园是近代列强侵华史上最野蛮的暴行之一，也是人类文明史上的一场浩劫。,"Anglo-French soldiers rampaging through the Old Summer Palace, looting jade and bronze treasures from palace halls, setting fire to ornate pavilions and gardens, smoke and flames consuming the magnificent imperial garden, the devastating destruction of a cultural masterpiece, Late Ming Huizhou woodblock print style, black and white baimiao line drawing on aged yellowed xuan paper, fine curved carving lines, no coloring, pure ink lines, traditional baimiao landscape technique, classical narrative figures, ancient rustic antique book texture, rich detail, high-fidelity line work"
8A-01-06,沙俄侵占中国领土,1858-1881年（系列条约）,1860,清朝,近代史,东北和西北边疆,黑龙江/吉林/新疆,黑龙江以北、乌苏里江以东、新疆西北,47,127,八上,第一单元 侵略与反抗,在第二次鸦片战争期间及以后，沙皇俄国趁火打劫，通过《瑷珲条约》《北京条约》《中俄勘分西北界约记》等一系列不平等条约，先后割占了中国东北和西北地区共约一百五十多万平方千米的领土。这是近代中国领土损失最大的一次，相当于今天三个法国的面积。,"Map of Chinese northeastern and northwestern territories being progressively carved away, Russian treaty documents displayed alongside ceded land boundaries, the massive territorial loss of over 1.5 million square kilometers marked in dark shading, tragic erosion of China's frontier sovereignty, Late Ming Huizhou woodblock print style, black and white baimiao line drawing on aged yellowed xuan paper, fine curved carving lines, no coloring, pure ink lines, traditional baimiao landscape technique, classical narrative figures, ancient rustic antique book texture, rich detail, high-fidelity line work"
8A-01-07,太平天国运动,1851-1864年,1851,清朝（太平天国）,近代史,金田村起义→定都天京,广西→江苏,起于广西桂平金田村，定都南京,23.38,110.07,八上,第一单元 侵略与反抗,1851年，洪秀全在广西桂平金田村发动起义，建号「太平天国」，起义军称「太平军」。1853年太平军攻占南京，改名天京，定为都城，建立起与清政府对峙的政权。太平军一度北伐至天津附近，西征攻占安徽、江西、湖北大片土地。但在中外反动势力的联合镇压下，1864年天京陷落，太平天国运动失败。它是中国历史上规模最大的一次农民战争。,"Taiping rebels marching from Jintian village toward Nanjing, Hong Xiuquan in martial garb leading peasant armies, the Heavenly Kingdom capital at Tianjing with unique banners, the massive peasant war sweeping across southern China, the largest rebellion in Chinese history, Late Ming Huizhou woodblock print style, black and white baimiao line drawing on aged yellowed xuan paper, fine curved carving lines, no coloring, pure ink lines, traditional baimiao landscape technique, classical narrative figures, ancient rustic antique book texture, rich detail, high-fidelity line work"
8A-01-08,阿古柏侵占新疆 / 左宗棠收复新疆,1865-1878年（收复：1876-1878）,1876,清朝,近代史,新疆各地→伊犁,新疆维吾尔自治区,新疆,42,84,八上,第一单元 侵略与反抗,19世纪60年代，中亚浩罕国军官阿古柏侵入新疆，占领天山南北大片土地，自立为汗。沙俄也趁机出兵占领了伊犁地区。1875年清政府任命左宗棠为钦差大臣督办新疆军务。左宗棠采取「先北后南、缓进急战」的策略，于1878年成功收复了除伊犁以外的新疆全部领土。1884年清政府在新疆设立了行省。,"Zuo Zongtang's Qing army marching westward through Xinjiang's desert passes, cannons and supply wagons advancing along caravan routes, defeated Yakub Beg forces retreating from oasis towns, the recovery of Xinjiang territory step by step, determined military campaign restoring Chinese sovereignty, Late Ming Huizhou woodblock print style, black and white baimiao line drawing on aged yellowed xuan paper, fine curved carving lines, no coloring, pure ink lines, traditional baimiao landscape technique, classical narrative figures, ancient rustic antique book texture, rich detail, high-fidelity line work"
8A-01-09,甲午中日战争,1894-1895年,1894,清朝,近代史,黄海、朝鲜半岛、辽东、山东,辽宁/山东,黄海海战（大东沟）、威海卫、旅顺,38.5,122,八上,第一单元 侵略与反抗,1894年7月，日本为实现征服朝鲜、侵略中国、称霸世界的梦想，发动了甲午中日战争。在黄海海战中，致远舰管带邓世昌率舰冲向敌舰不幸被鱼雷击中，全舰官兵壮烈殉国。1895年初日军攻陷威海卫，北洋舰队全军覆没。这场战争以中国的惨败而告终，清政府被迫签订了丧权辱国的《马关条约》。,"Naval battle on the Yellow Sea, Chinese ironclad warships engaging Japanese fleet, the Zhiyuan vessel charging toward enemy ships under Deng Shichang's command, shells exploding on deck, tragic sinking of the heroic warship, the devastating defeat of the Beiyang Fleet, Late Ming Huizhou woodblock print style, black and white baimiao line drawing on aged yellowed xuan paper, fine curved carving lines, no coloring, pure ink lines, traditional baimiao landscape technique, classical narrative figures, ancient rustic antique book texture, rich detail, high-fidelity line work"
8A-01-10,签订《马关条约》,1895年4月,1895,清朝,近代史,日本马关（今下关）,日本,日本山口县下关市,33.95,130.93,八上,第一单元 侵略与反抗,1895年4月，李鸿章在日本马关（今下关）春帆楼与日本首相伊藤博文签订了《马关条约》。条约主要内容：割让辽东半岛（后因俄德法三国干涉还辽、中国以三千万两白银赎回）、台湾全岛及所有附属岛屿、澎湖列岛给日本；赔偿日本军费白银二亿两；增开沙市、重庆、苏州、杭州为通商口岸；允许日本在通商口岸开设工厂。条约大大加深了中国半殖民地化程度。,"Qing diplomat Li Hongzhang signing the Shimonoseki Treaty at Chunfanlou, Japanese Prime Minister Ito Hirobumi across the table, the cession of Taiwan and Liaodong marked on the map, massive indemnity figures recorded, deepening semi-colonial subjugation of China, Late Ming Huizhou woodblock print style, black and white baimiao line drawing on aged yellowed xuan paper, fine curved carving lines, no coloring, pure ink lines, traditional baimiao landscape technique, classical narrative figures, ancient rustic antique book texture, rich detail, high-fidelity line work"
8A-01-11,戊戌变法（百日维新）,1898年6-9月,1898,清朝,近代史,北京,北京市,北京市,39.9,116.4,八上,第二单元 近代化的探索,《马关条约》签订的消息传到北京后，正在参加会试的康有为和梁启超联合各省举人上书光绪帝，反对议和请求变法（史称「公车上书」）。1898年6月，光绪帝颁布「明定国是」诏书宣布变法，先后发布了一系列改革政令。但变法触动了顽固派的利益，9月慈禧太后发动政变囚禁光绪帝、逮捕维新派。谭嗣同、刘光第、林旭、杨锐、杨深秀、康广仁六人被杀（「戊戌六君子」），变法仅持续103天即告失败。,"Kang Youwei and Liang Qichao leading scholars in a protest rally outside the imperial palace, Emperor Guangxu issuing reform edicts from the throne, new policies being posted on city walls, the dramatic hundred-day reform before Empress Cixi's coup ending it all, Late Ming Huizhou woodblock print style, black and white baimiao line drawing on aged yellowed xuan paper, fine curved carving lines, no coloring, pure ink lines, traditional baimiao landscape technique, classical narrative figures, ancient rustic antique book texture, rich detail, high-fidelity line work"
8A-01-12,义和团运动,1899-1901年,1900,清朝,近代史,山东→直隶→京津,山东/河北/北京/天津,山东起，发展到京津,37.5,117,八上,第一单元 侵略与反抗,甲午中日战争后，列强掀起了瓜分中国的狂潮，民族危机空前加深。1898年，以农民为主体的义和团运动在山东兴起，提出了「扶清灭洋」的口号，1900年发展到京津地区。义和团运动是一场反帝爱国运动，粉碎了列强瓜分中国的迷梦，但带有浓厚的迷信色彩和盲目排外的局限性。,"Boxer rebels in red headbands marching through Shandong villages toward Beijing, rural practitioners demonstrating martial arts, slogans opposing foreign aggression, the anti-imperialist movement spreading across the north China plain, the desperate popular uprising against foreign domination, Late Ming Huizhou woodblock print style, black and white baimiao line drawing on aged yellowed xuan paper, fine curved carving lines, no coloring, pure ink lines, traditional baimiao landscape technique, classical narrative figures, ancient rustic antique book texture, rich detail, high-fidelity line work"
8A-01-13,八国联军侵华,1900-1901年,1900,清朝,近代史,京津地区,北京/天津,北京、天津,39.9,116.4,八上,第一单元 侵略与反抗,1900年6月，为镇压义和团运动和保护在华侵略利益，英、美、俄、日、法、德、意、奥八国组成联军，发动了侵华战争。8月联军攻入北京，慈禧太后携光绪帝逃往西安。侵略军在北京烧杀淫掠，犯下了滔天罪行。1901年列强迫使清政府签订了《辛丑条约》。,"Eight-nation allied forces marching through Beijing streets with multiple national flags, foreign soldiers occupying the imperial city, Cixi and Guangxu fleeing toward Xi'an, looting and burning in the capital, the humiliating foreign military occupation of China's center of power, Late Ming Huizhou woodblock print style, black and white baimiao line drawing on aged yellowed xuan paper, fine curved carving lines, no coloring, pure ink lines, traditional baimiao landscape technique, classical narrative figures, ancient rustic antique book texture, rich detail, high-fidelity line work"
8A-01-14,签订《辛丑条约》,1901年9月,1901,清朝,近代史,北京,北京市,北京市,39.9,116.4,八上,第一单元 侵略与反抗,1901年（农历辛丑年），清政府与英、美、俄、日、法、德、意、奥以及比利时、西班牙、荷兰共11国签订了《辛丑条约》。主要内容：赔偿白银4.5亿两（本息合计约9.8亿两），以海关等税收作担保；保证严禁人民参加反帝活动；拆毁大沽炮台，允许外国军队驻扎北京到山海关铁路沿线要地；划定北京东交民巷为使馆界，不准中国人居住。条约使清政府完全成为帝国主义统治中国的工具，中国完全沦为半殖民地半封建社会。,"Qing officials signing the Boxer Protocol in Beijing before representatives of eleven nations, the massive indemnity figures displayed, humiliating terms being recorded, foreign troops stationed along railway lines, China reduced to a complete semi-colonial dependency, Late Ming Huizhou woodblock print style, black and white baimiao line drawing on aged yellowed xuan paper, fine curved carving lines, no coloring, pure ink lines, traditional baimiao landscape technique, classical narrative figures, ancient rustic antique book texture, rich detail, high-fidelity line work"
8A-02-01,洋务运动,19世纪60-90年代,1865,清朝,近代史,上海、天津、福州、武汉等地,上海/天津/福建/湖北,上海（江南制造总局）、福州（船政局）、天津等地,31.23,121.47,八上,第二单元 近代化的探索,19世纪60—90年代，清朝统治集团内部的洋务派以「自强」「求富」为口号，掀起了一场学习西方先进技术的洋务运动。前期以「自强」为主，创办了安庆内军械所、江南制造总局、福州船政局等军事工业；后期以「求富」为主，创办了轮船招商局、开平煤矿、汉阳铁厂、湖北织布局等民用企业。洋务运动虽然没有使中国走上富强的道路，但在客观上促进了中国民族资本主义的产生和发展。,"Li Hongzhang inspecting the Jiangnan Arsenal in Shanghai, Chinese workers operating modern steam-powered machinery, Western-style warships being constructed in shipyards, new factories producing modern weapons, the Self-Strengthening Movement bringing industrial technology to China, Late Ming Huizhou woodblock print style, black and white baimiao line drawing on aged yellowed xuan paper, fine curved carving lines, no coloring, pure ink lines, traditional baimiao landscape technique, classical narrative figures, ancient rustic antique book texture, rich detail, high-fidelity line work"
8A-02-02,辛亥革命[武昌起义],1911年10月10日,1911,清朝末期,近代史,湖北武昌,湖北省,武汉市武昌区,30.58,114.31,八上,第三单元 资产阶级民主革命,洋务运动后期，洋务派认识到需要培养翻译和军事人才。1862年，洋务派在北京创办了京师同文馆，是中国第一所新式学堂，培养翻译和外交人才。随后各地兴办了一批新式学堂，为近代中国培养了一批科技、军事和外语人才，开启了中国教育的近代化历程。,"Wuchang uprising night scene, revolutionary soldiers firing rifles from the barracks gate, rebel forces storming the Hubei military government building, the October 10th spark igniting nationwide revolution, dramatic midnight battle launching the Xinhai Revolution, Late Ming Huizhou woodblock print style, black and white baimiao line drawing on aged yellowed xuan paper, fine curved carving lines, no coloring, pure ink lines, traditional baimiao landscape technique, classical narrative figures, ancient rustic antique book texture, rich detail, high-fidelity line work"
